id,sgpa1,sgpa2,sgpa3,sgpa4,cgpa,active_backlogs,total_backlogs,10th_mark,12th_mark,stress_level,studytime,part_timejob,math,dsa,networks,os,attendance,career_preference
1,6.79,7.94,7.12,6.22,7.02,0,0,81.91,84.23,medium,13,no,52,88,90,85,85.93,higher study
2,9.82,5.18,7,6.27,7.07,0,0,45.37,33.45,medium,10,yes,37,34,81,81,71.06,job
3,6.74,6.52,6.53,7.96,6.94,0,0,56.23,64.97,medium,0,yes,50,48,50,86,70.8,higher study
4,8.72,8.62,4.71,7.46,7.38,0,0,77.44,86.19,low,2,yes,97,58,77,88,97.16,job
5,6.75,7.84,7.82,8.37,7.7,4,5,65.31,75.22,low,2,yes,55,53,37,71,72.13,none
6,6.82,6.47,7.43,5.92,6.66,0,0,82.49,64.77,medium,5,yes,99,49,63,35,90.73,job
7,8.28,8.89,8.6,8.75,8.63,0,0,97.4,76.19,high,4,no,75,85,88,86,85.72,higher study
8,4.88,7.56,6.1,4.99,5.88,0,3,40.82,93.77,high,11,yes,78,98,63,83,83.7,job
9,7.35,6.22,7.93,7.17,7.17,0,0,80.54,70.95,high,10,no,44,34,51,62,67.24,none
10,8.33,7.88,8.29,9.03,8.38,0,0,48.44,86.59,high,14,yes,86,49,77,88,61.38,higher study
11,6.2,6.76,4.36,9.5,6.7,0,0,60.78,98.71,low,6,yes,93,60,95,94,79.55,none
12,9.15,8.41,8.28,7.79,8.41,0,5,35.21,80.28,low,2,yes,62,51,64,83,99.53,job
13,4.43,8.45,8.66,5.5,6.76,0,0,42.11,71.42,high,10,yes,53,77,49,49,67.83,job
14,7.46,8.94,8.19,4.16,7.19,5,5,54.43,35.52,low,0,no,38,83,56,77,81.47,job
15,6.1,7.51,8.78,7.5,7.47,0,0,55.92,58.1,high,10,yes,58,47,47,49,86.84,job
16,6.19,7.36,7,8.94,7.37,0,1,93.27,70.89,medium,14,yes,67,85,35,61,79.35,higher study
17,8.72,3.97,7.51,8.49,7.17,5,5,82.7,86.41,medium,2,no,45,83,45,90,80.28,job
18,6.42,5.06,6.04,4.03,5.39,0,1,98.14,62.36,high,7,yes,61,50,91,59,86.45,higher study
19,7.6,8.26,6.02,8.74,7.65,5,5,73.14,97.32,low,4,yes,39,36,89,44,92.6,higher study
20,7.23,6.4,4.55,6.76,6.24,4,4,49.2,51.22,high,14,yes,52,95,57,34,73.33,higher study
21,7.04,7.64,6.72,8.32,7.43,0,0,54.96,82.89,low,2,no,45,54,70,76,95.97,job
22,8.7,7.64,5.82,6.8,7.24,0,0,54.44,61.08,medium,13,yes,58,66,62,79,79.4,job
23,6.07,6.27,5.78,5.46,5.9,0,0,54.88,65.57,low,7,no,46,34,75,69,86.48,none
24,7.99,4.34,6.3,9.31,6.98,0,3,78.09,86.77,high,5,no,36,89,51,99,64.26,job
25,8.89,7.25,6.78,6.63,7.39,1,1,68.57,52.85,medium,14,yes,57,37,36,90,79.7,job
26,7.68,4.03,6.53,8.83,6.77,0,1,58.83,39.5,medium,2,yes,41,55,46,39,60.64,job
27,8.81,8.56,5.29,6.06,7.18,0,0,43,67.86,low,13,yes,78,91,62,95,75.64,higher study
28,6.16,8.57,6.09,8.9,7.43,0,0,34.49,68.43,medium,4,yes,34,77,99,60,62.18,none
29,7.26,6.3,8.73,6.45,7.18,0,0,47.67,86.41,medium,0,no,36,90,92,59,95.88,job
30,6.78,6.27,5.71,8.46,6.81,1,1,40.21,97.88,low,5,yes,98,73,81,46,86.91,none
31,8.19,6.79,6.02,6.83,6.96,0,0,85.63,36.71,medium,14,yes,48,89,37,51,91.68,higher study
32,8.94,8.62,8.21,7.05,8.2,0,0,40.55,72.65,high,13,yes,83,96,84,71,78.71,none
33,6.77,6.39,6.46,6.65,6.57,1,1,81.53,78.65,low,11,no,53,72,38,39,94.08,none
34,5.15,9.5,8.74,7.76,7.79,0,0,58.85,99.05,low,12,yes,36,40,72,61,94.92,none
35,9.83,8.16,8.68,5.21,7.97,0,0,37.93,96.15,low,13,yes,94,47,74,38,74.27,none
36,3.85,9.8,7.96,7.04,7.16,0,3,87.45,80.74,low,8,yes,48,51,38,92,75.07,none
37,7.96,9.44,8.02,7.97,8.35,0,0,71.84,67.96,high,11,yes,92,88,41,78,80.33,higher study
38,6.59,6.3,4.3,5.2,5.6,1,1,48.8,43.83,low,6,yes,87,89,89,86,61.69,job
39,7.7,7.87,6.02,6.05,6.91,0,0,92.94,58.75,high,14,yes,93,90,58,35,99.83,none
40,7.39,7.07,10,6.19,7.66,0,0,36.04,72.21,low,10,yes,70,91,85,82,74.37,higher study
41,8.92,4.28,9.24,6.3,7.18,0,0,46.53,81.59,low,12,no,54,58,85,96,78.83,higher study
42,7.83,8.37,8.95,7.26,8.1,2,3,83.39,75.58,medium,7,no,56,36,40,91,90.19,job
43,7.05,6.7,8.63,4.88,6.82,0,0,80.53,80.85,medium,5,yes,51,54,94,37,71.9,higher study
44,4.93,7.92,8.69,8.44,7.49,1,1,52.39,61.76,high,10,yes,50,65,80,63,68.07,job
45,6.34,6.71,7.98,8.66,7.42,0,0,37.17,81.75,medium,4,yes,64,35,99,90,65.1,none
46,6.45,8.14,7.03,6.73,7.09,0,0,90.49,42.64,low,14,no,97,53,92,80,81.12,higher study
47,6.68,8.62,8.68,7.72,7.92,2,2,54.02,43.9,high,11,yes,81,51,38,51,60.22,higher study
48,6.75,6.38,6.87,9.18,7.3,0,0,46.12,43.92,medium,5,yes,59,87,77,77,88.38,higher study
49,8.55,3.95,4.45,4.91,5.46,0,0,67.58,92.69,low,6,no,55,69,75,85,78.46,none
50,7.68,8.6,7.69,8.31,8.07,0,3,93.99,38.1,medium,8,no,78,94,94,82,81.27,job
51,9.54,5.75,6.3,6.87,7.12,0,0,35.93,86.7,medium,7,yes,69,93,96,63,70.53,job
52,7.57,7.78,8.77,7.23,7.84,0,0,84.31,48.66,medium,4,yes,97,69,83,85,67.13,higher study
53,3.96,4.49,9.84,7.57,6.46,0,0,71.36,64.39,medium,14,no,68,77,71,70,88,higher study
54,4.2,6.38,6.42,6.4,5.85,0,0,61.51,94.37,low,6,no,60,99,87,96,68.41,none
55,6.34,7.28,5.03,6.08,6.18,1,1,82.86,72.26,medium,7,no,50,77,77,45,91.2,none
56,4.05,6.48,6.67,6.46,5.92,0,0,97.71,47.09,high,0,no,44,62,57,50,68.15,job
57,8.58,4.11,7.67,5.34,6.42,0,1,48.36,52.04,high,7,yes,38,81,96,67,84.51,higher study
58,8.17,8.1,8.29,7.88,8.11,5,5,42.63,94.67,medium,10,yes,91,69,72,61,85.75,higher study
59,6.2,4.62,7.86,6.22,6.22,0,0,94.16,61.62,high,6,no,90,41,45,37,80.23,higher study
60,8.12,9.49,6.7,6.57,7.72,0,0,77.82,72.33,medium,10,yes,47,38,96,79,99.87,higher study
61,7.63,8.28,6,9.75,7.92,0,0,62.35,63.82,low,11,yes,34,80,42,47,75.03,none
62,6.25,6.32,8.27,7.01,6.96,0,1,71.41,58.36,low,11,no,49,76,55,46,95.33,none
63,3.96,7.52,5.06,6.23,5.69,0,1,82.96,47.97,high,1,no,59,43,69,91,66.77,job
64,7.37,8.44,8.96,6.58,7.84,0,5,84.8,78.98,high,1,no,82,43,61,82,73.49,higher study
65,7.45,4.3,9.82,4.18,6.44,0,0,94.63,81.13,medium,11,yes,75,39,89,83,65.81,none
66,6.5,8.81,8.43,8.73,8.12,0,0,61.6,51.42,medium,5,yes,99,49,62,100,84.14,higher study
67,8.84,7.54,7.38,6.06,7.45,0,0,52.67,85.87,medium,2,yes,86,93,38,54,85.53,job
68,5.56,9.85,8.71,9.2,8.33,0,0,75.86,90.26,low,0,no,42,59,37,84,78.14,higher study
69,8.55,8.85,7.23,4.38,7.25,0,0,60.86,94.69,medium,14,yes,73,54,84,71,88.81,none
70,9.84,5.36,7.57,7.96,7.68,0,2,72.84,43.81,low,7,no,89,91,48,59,94.71,none
71,8.01,7.61,7.43,7.15,7.55,0,0,61.14,53.37,high,6,yes,38,74,93,39,91.06,job
72,7.39,7.18,7.34,8.02,7.48,0,3,43.26,90.65,low,3,no,89,63,59,51,69.67,job
73,7.24,8.54,8.33,7.77,7.97,4,5,64.46,46.31,high,13,yes,38,38,56,39,72.82,higher study
74,4.21,7.48,7.58,9.69,7.24,1,2,79.29,33.24,low,0,yes,85,43,62,74,75.21,higher study
75,7.95,7.42,4.7,6.67,6.68,1,1,86.55,91.35,low,1,no,66,44,90,90,68.15,none
76,7.64,7.47,6.95,5.68,6.94,0,0,66.06,54.88,medium,8,no,55,96,95,83,74.45,none
77,6.19,8.54,6.77,8.54,7.51,0,0,44.08,60.78,high,3,yes,48,40,92,58,69.52,none
78,7.54,8.5,6.11,7.48,7.41,0,0,60.79,62.91,low,2,yes,98,92,81,81,99.83,job
79,8.42,7.21,7.75,8.47,7.96,0,0,85.68,89.84,low,7,no,56,45,68,57,91.33,job
80,7.38,7,6.69,7.22,7.07,0,0,60.67,55.65,high,3,yes,39,97,79,63,94.4,job
81,5.82,7.48,6.44,8.95,7.17,0,0,79.67,92.78,low,6,yes,91,74,66,78,96.89,higher study
82,6.16,7.72,7.96,8.31,7.54,0,0,66.99,74.34,high,14,no,59,93,43,76,86.6,job
83,8.36,6.72,8.04,8.9,8,0,0,49.17,68.33,high,12,no,45,61,81,89,67.04,higher study
84,6.6,8.38,8.26,7.54,7.7,5,7,86.34,54.82,high,13,yes,35,96,77,66,90.34,higher study
85,6.78,7.46,7.51,7.42,7.29,0,0,38.65,49.34,low,13,no,65,36,96,78,60.62,higher study
86,6.49,7,8.68,8.27,7.61,1,1,68.17,74.82,low,13,yes,83,65,82,40,64.53,job
87,6.99,6.32,9.23,8.64,7.8,0,0,47,62.95,medium,4,yes,94,54,74,51,61.18,none
88,8.27,6.72,8.81,8.89,8.17,1,1,37.5,94.01,high,4,no,44,88,72,78,65.42,job
89,5.92,5.93,8.42,6.97,6.81,0,0,66.7,65.94,low,10,yes,67,51,56,70,90.08,job
90,7.56,8.85,4.5,8.4,7.33,3,3,66.48,67.3,low,5,yes,41,86,46,54,95.42,job
91,6.61,6.92,5.97,6.63,6.53,0,4,80.37,60.93,high,11,yes,41,94,86,77,71.15,higher study
92,8.63,6.51,7.91,7.64,7.67,0,0,82.9,85.88,high,12,yes,48,83,90,63,64.77,none
93,8.64,7.38,6.91,6.54,7.37,0,0,81.76,61.47,high,3,yes,38,41,100,44,70.92,job
94,8.61,4.6,9.1,4.27,6.64,0,0,60.45,51.05,medium,1,no,52,45,81,41,85.88,job
95,6.72,6.92,8.95,7.04,7.41,1,1,75.33,90.76,medium,5,no,42,84,53,38,74.01,higher study
96,7.35,6.11,5.55,8.79,6.95,4,4,71.66,72.99,medium,12,yes,90,99,95,41,98.45,job
97,8.95,6.97,6.82,6.44,7.3,0,0,61.25,72.64,high,4,yes,87,74,78,38,65.24,job
98,8.32,7.63,6.61,4.87,6.86,0,3,73.02,73.93,low,2,no,62,55,96,43,99.61,higher study
99,6.08,7.66,7.33,7.9,7.24,0,0,96.47,81.17,high,3,yes,52,42,41,48,60.5,job
100,6.2,7.07,6.17,7.78,6.8,1,1,45.93,53.98,low,2,no,79,44,59,89,78.07,none
101,7.39,7.34,4.59,6.36,6.42,0,0,93.69,35.28,medium,2,no,95,46,71,88,70.07,higher study
102,8.73,8.9,9.98,6.98,8.65,0,0,36.59,87.31,medium,3,no,93,89,74,36,82.65,none
103,7.62,7.13,8.94,9.35,8.26,0,0,53.67,41.65,medium,1,yes,38,61,35,74,63.86,job
104,7.49,6.77,7.77,7.69,7.43,0,0,52.31,81.36,low,3,yes,66,97,40,43,95.03,higher study
105,4.93,6.73,5.32,6.56,5.88,0,0,74.97,38.52,low,9,yes,88,97,58,40,65.46,higher study
106,6.32,7.37,7.67,5.26,6.65,0,0,41.8,58.15,high,10,yes,52,88,84,96,83.5,job
107,7.97,9.71,7.97,8.4,8.51,0,0,92.12,37.23,high,1,no,50,70,83,96,61.33,none
108,8.47,8.28,7.49,8.92,8.29,0,0,88.51,67.99,high,13,yes,75,66,97,59,72.44,job
109,7.14,5.65,6.1,6.64,6.38,0,0,76.69,76.76,medium,9,yes,55,58,45,67,65.99,higher study
110,8.33,6.62,7.84,6.56,7.34,0,0,63.72,44.49,high,7,yes,72,56,86,72,99.11,higher study
111,8.89,8.13,8.15,7.36,8.13,0,0,95.51,57.91,medium,9,no,60,93,43,93,60.48,higher study
112,6.61,6.06,7.25,8.24,7.04,0,0,88.66,95.33,low,4,yes,79,89,94,59,74.1,job
113,3.86,7.26,9.3,6.84,6.82,0,0,66.46,62.65,medium,12,no,61,96,88,95,72.11,job
114,4.44,8.33,8.27,6,6.76,5,5,80.03,86.77,medium,6,yes,85,41,75,43,86.29,job
115,7.57,7.02,6.68,9.51,7.7,1,1,70.99,95.12,medium,10,yes,98,50,99,87,62.26,none
116,5.49,7.69,6.66,6.06,6.48,2,2,72.4,98.28,low,3,yes,72,90,77,64,92.42,none
117,4.42,4.91,6.48,7.62,5.86,3,3,55.18,93.19,low,9,yes,51,95,61,71,78.66,none
118,6.86,6.61,7.12,4.59,6.3,0,2,63.97,54.27,high,5,yes,55,44,91,58,78.11,higher study
119,3.72,8.23,8.54,8.87,7.34,0,0,38.24,97.49,high,12,no,44,100,35,98,69.07,none
120,8.38,6.16,8.48,7.17,7.55,0,0,56.95,87.43,high,11,yes,97,73,88,83,79.6,higher study
121,4.89,8.56,7.15,7.26,6.96,1,2,79.62,89.09,low,13,no,90,73,67,57,74.56,none
122,5.61,6.59,7.77,8.91,7.22,0,4,96.87,34.03,low,9,yes,68,89,53,60,69.81,none
123,7.73,8.62,8.16,8.08,8.15,0,0,97.53,96.93,low,3,yes,70,86,80,83,66.75,higher study
124,7.9,3.89,6.72,9.93,7.11,0,0,70.24,85.13,low,14,no,83,61,59,83,89.13,job
125,8.39,7.06,6.5,8.16,7.53,0,0,73.65,84.46,low,5,yes,63,75,34,48,65.68,none
126,7.19,8.17,8.92,4.57,7.21,0,0,45.45,38.47,medium,0,no,50,79,98,50,66.72,higher study
127,5.49,6.96,7.85,7.69,7,2,2,79.59,48.59,high,5,no,66,51,48,62,83.08,job
128,3.94,5.23,4.17,9.04,5.6,0,5,37.74,97.47,medium,5,yes,49,56,47,38,69.04,job
129,8.75,8.72,3.75,8.92,7.54,2,2,52.08,66.55,high,1,yes,48,59,88,44,78.38,job
130,7.6,6.38,8.94,8.07,7.75,0,0,77.78,59.66,medium,11,yes,46,62,34,85,82.12,higher study
131,6.47,6.54,7.01,8.69,7.18,0,0,53.8,89.28,low,9,yes,36,85,66,67,70.98,none
132,8.09,7.48,8.11,8.1,7.94,3,3,36.35,38.86,high,9,yes,57,79,89,66,73.74,none
133,8.38,6.25,9.87,8.21,8.18,2,2,88.74,60.94,medium,8,no,56,34,56,82,68.41,none
134,6.95,6.59,6.67,6.87,6.77,0,0,53.8,58.18,high,14,no,92,96,87,64,78.42,job
135,5.18,8.83,6.78,6.91,6.92,0,0,37.24,56.45,low,5,yes,88,49,36,51,99.7,none
136,8.57,8.93,7.54,8.35,8.35,0,0,38.02,53.62,low,11,yes,98,58,79,38,74.51,higher study
137,8.72,7.13,6.96,6.89,7.43,0,1,49.88,47.08,high,14,no,65,95,39,63,86.13,none
138,6.83,8.77,9,7.69,8.07,0,1,44.94,44.59,high,10,no,93,49,58,78,85.44,none
139,8.95,7.63,6.5,6.75,7.46,3,3,84.88,75.91,low,12,no,63,67,50,71,91.46,none
140,9.43,6.81,6.79,5.61,7.16,0,1,54.56,94.6,low,6,yes,99,86,61,62,88.48,none
141,9.38,8.11,6.11,8.45,8.01,0,0,86.92,67.1,low,1,yes,51,56,65,69,60.47,higher study
142,6.42,7.98,8.11,9.5,8,0,0,44.66,52.97,medium,1,no,92,76,56,42,72.37,none
143,6.61,8.97,7.48,6.33,7.35,2,2,66.03,43.67,high,1,no,86,77,49,56,94.81,job
144,6.55,4.78,6.28,8.49,6.52,4,4,79.1,88.62,low,9,yes,97,65,59,36,81.58,none
145,8.68,5.13,9.02,7.81,7.66,0,0,76.69,98.09,high,12,no,63,56,66,89,64.17,job
146,7.96,6.8,6.52,6.56,6.96,0,0,73.28,56.4,medium,10,yes,51,53,91,73,71.05,job
147,6.46,8.02,6.31,7.63,7.1,0,0,94.96,52.5,medium,8,no,38,52,81,89,71.34,job
148,7.32,6.16,4.38,6.85,6.18,0,0,48.32,73.3,low,2,yes,41,62,88,91,94.93,higher study
149,7.85,6.34,7.84,6.97,7.25,0,0,66.08,84.95,high,12,no,42,51,74,64,82.14,job
150,6.25,6.01,6.28,7.05,6.4,2,2,92.23,63.52,medium,3,no,65,45,95,44,84.33,job
151,4.05,9,8.26,6.19,6.88,4,4,38.23,75.22,high,0,no,47,43,50,75,74.68,none
152,8.65,8.41,4.51,8.96,7.63,0,1,36.75,81.01,high,0,no,46,70,92,36,62.41,higher study
153,8.41,8.36,6.06,6.09,7.23,0,0,48.64,97.36,low,3,yes,51,88,47,90,63.01,higher study
154,7.52,7.53,3.54,7.99,6.64,0,0,75.42,44.07,medium,13,no,55,37,54,47,76.82,higher study
155,9.92,6.9,6.75,7.11,7.67,0,0,50.42,99.82,medium,1,yes,53,96,96,79,67.1,job
156,8.9,6.45,8.67,7.94,7.99,0,0,45.75,59.28,medium,7,no,48,45,79,52,64.17,job
157,7.25,6.85,8.16,7.07,7.33,0,0,63.75,81.46,high,12,no,40,51,88,93,70.49,job
158,8.95,5.72,6.22,8.02,7.23,0,0,74.11,71.36,medium,3,yes,63,41,95,64,89.68,none
159,8,9.49,8.46,8.19,8.54,0,0,49.66,65.61,medium,2,no,38,65,72,69,62.92,job
160,7.9,7.13,7.48,8.07,7.64,0,0,53.15,79.77,high,2,no,34,82,75,65,77.93,higher study
161,6.5,8.27,9.47,6.34,7.64,0,0,74.11,59.52,medium,5,yes,93,96,81,96,93.04,none
162,8.65,7.62,8.54,7.97,8.2,0,0,96.37,41.46,medium,11,no,64,92,61,59,70.72,none
163,7.28,6.23,7.8,6.84,7.04,0,0,78.21,65.76,high,12,no,53,100,39,98,72.07,higher study
164,6.49,6.05,8.05,6.09,6.67,0,0,85.46,67.97,medium,5,no,97,72,92,35,95.37,job
165,6.04,6.31,8.98,7.24,7.14,0,0,57.58,46.54,low,5,yes,97,83,72,78,86,none
166,4.05,7.23,6.7,7.3,6.32,1,1,51.25,95.69,high,5,no,62,59,90,58,91.91,higher study
167,7.68,8.8,7.87,5.51,7.46,0,5,63.44,48.25,medium,7,yes,43,56,87,73,71.57,job
168,7.58,7.91,7.38,7.4,7.57,5,5,87.08,60.42,low,7,yes,62,96,93,51,99.87,none
169,8.16,8.41,6.12,8.11,7.7,0,0,63.58,43.39,high,8,yes,64,99,50,45,65.64,none
170,8.67,7.4,6.04,6.93,7.26,0,0,89.73,68.9,medium,0,yes,63,72,73,57,98.48,none
171,6.24,7.08,5.54,6.95,6.45,0,0,99.25,53.62,high,9,no,58,99,99,76,96.08,none
172,8.19,9.26,4.4,5.33,6.8,0,2,37.84,65.79,low,7,no,91,79,87,65,82.08,none
173,6.56,6.33,6.36,6.18,6.36,1,1,36.05,48.06,high,4,yes,90,48,77,80,83.41,job
174,8.57,8.63,7.95,9.85,8.75,3,3,43.03,36.61,medium,2,no,96,49,100,78,91,higher study
175,8.46,4.6,7.7,8.06,7.2,5,6,58.76,85.21,low,10,no,70,49,90,68,72.27,none
176,7.62,9.88,7.66,7.7,8.22,0,2,41.79,75.96,high,9,no,91,72,69,42,81.1,higher study
177,8.13,8.35,6.1,7.05,7.41,0,0,91.34,55.84,medium,2,no,61,44,90,43,96.1,higher study
178,6.94,5.75,7.41,8.12,7.06,0,0,34.56,36.19,medium,5,no,60,69,76,98,62.73,higher study
179,5.69,6.5,8.77,7.61,7.14,0,0,54.16,90.99,low,7,no,70,51,77,92,96.22,job
180,7.41,7.54,7.19,7.41,7.39,0,0,45.38,44.38,low,9,yes,39,56,95,90,89.15,higher study
181,8.46,7.46,7.87,7.53,7.83,1,2,95.41,95.36,high,1,no,95,82,94,43,90.79,higher study
182,7.38,7.88,8.34,4.66,7.06,2,2,77.86,65.07,medium,11,yes,66,75,44,52,62.59,higher study
183,4.12,8.84,8.35,7.91,7.31,0,0,94.11,55.81,low,8,no,73,77,66,83,67.51,none
184,4.16,7.74,9.24,7.98,7.28,0,0,98.15,82.7,medium,4,yes,74,34,99,38,97.01,none
185,7.07,7.62,7.56,6.87,7.28,0,0,66.31,91.75,high,4,no,75,40,56,62,64.96,higher study
186,7.48,6.15,8.57,6.42,7.16,0,0,48.71,57.84,low,0,yes,42,81,82,38,85.25,job
187,3.5,6.19,7.17,6.47,5.83,0,0,45.99,60.3,high,5,yes,51,49,53,93,91.31,none
188,8.48,6.56,4.95,7.92,6.98,2,2,47.94,62.03,high,12,no,48,81,48,98,69.25,none
189,7.01,6.1,8.67,8.62,7.6,0,0,80.48,94.8,low,10,no,37,76,99,61,87.95,higher study
190,6.52,8.23,6.72,7.23,7.18,0,2,35.72,79.4,high,10,yes,67,84,63,34,62.62,higher study
191,8.14,8.17,3.68,6.51,6.62,0,0,36.45,49.6,medium,4,no,95,99,37,62,79.95,job
192,5.68,5.38,6.84,8.27,6.54,0,0,73.75,45.4,low,6,no,71,64,97,84,73.38,none
193,5.48,6.41,6.16,4.31,5.59,3,3,76.02,48.44,medium,6,no,56,72,98,69,85.83,higher study
194,8.48,8.51,8.39,8.5,8.47,0,0,77.58,50.67,high,3,no,53,42,41,65,95.56,none
195,6.3,6.46,7.25,8.64,7.16,5,5,57.92,48.43,low,4,yes,89,74,85,97,65.02,higher study
196,6.72,6.9,6.69,7.82,7.03,0,0,87,77.12,medium,9,no,86,96,47,47,78.01,higher study
197,6.43,6.75,6.7,5.02,6.22,0,0,68.76,40.78,medium,13,no,35,47,91,65,76.93,job
198,5.07,7.12,8.7,8.58,7.37,0,0,40.08,58.96,medium,7,no,54,91,44,42,72.95,none
199,5.38,6.76,8.5,6.05,6.67,0,0,86.41,74.88,medium,1,no,75,97,92,44,79.21,none
200,7.04,7.47,7.66,6.32,7.12,0,0,96.86,52.49,medium,0,yes,90,61,57,81,95.23,higher study
201,7.35,4.72,7.85,6.28,6.55,0,1,37.03,37.38,high,13,no,82,37,65,84,98.95,job
202,8.25,7.22,7.42,8.14,7.76,0,0,59.23,38.49,high,5,no,43,67,79,37,60.11,job
203,7.95,8.96,3.94,6.21,6.76,0,5,65.67,41.45,high,10,no,94,37,61,74,89.56,job
204,3.88,9.58,7.17,7.49,7.03,4,4,42.82,89,high,13,yes,54,91,49,58,84.6,none
205,7.86,6.17,8.75,7.42,7.55,5,5,91.14,77.08,high,3,no,93,37,75,50,99.78,higher study
206,7.06,6.43,6.38,6.93,6.7,0,0,52.05,37.33,high,12,yes,46,83,49,80,63.6,higher study
207,8.52,6.16,7.26,5.69,6.91,3,3,85.46,59.21,high,9,no,81,38,45,41,92.45,job
208,7.41,7.88,7.03,8.61,7.73,0,0,77.96,51.67,medium,2,no,73,78,95,91,97.36,job
209,8.94,6.16,7.49,6.51,7.28,0,0,73.07,71.73,high,6,yes,96,68,67,34,96.48,job
210,7.9,8.51,7.37,7.06,7.71,0,0,45.88,68.03,medium,7,yes,42,60,71,35,82.42,none
211,6.38,7.54,7.56,8.32,7.45,4,4,47.79,65.24,low,10,no,90,35,80,43,73.1,higher study
212,8.03,7.58,6.42,6.09,7.03,0,0,36.18,54.08,high,11,no,84,87,55,60,85.6,job
213,6.98,7.68,7.54,9.59,7.95,0,0,49.14,42.24,medium,3,no,73,81,36,46,72.24,job
214,8.06,6.51,6.73,9.28,7.64,0,0,56.15,82.74,low,11,no,97,82,34,96,76.49,higher study
215,6.21,6.59,6.55,8.02,6.84,0,0,88.82,91.95,low,11,no,97,34,86,44,77.83,none
216,6.52,5.01,6.19,8.45,6.54,0,0,57.55,96.26,medium,14,yes,58,66,97,47,72.08,none
217,8.57,6.96,8.29,8.8,8.16,0,0,83.56,36.94,medium,9,no,61,68,77,59,73.67,none
218,6.68,7.78,7.28,8.63,7.59,0,0,62.45,82.58,medium,11,yes,43,87,80,72,60.29,higher study
219,8.51,6.63,7.88,6.96,7.5,5,5,85.59,81.68,high,10,yes,61,89,71,61,71.88,none
220,4.65,6.35,8.18,7.76,6.74,1,1,98.41,96.46,low,10,no,69,48,96,50,78.89,job
221,6.84,8.91,5.72,6.23,6.92,1,1,49.08,49.95,high,14,no,44,37,74,70,66.92,none
222,7.93,6.07,8.04,6.77,7.2,0,0,90.78,82.73,high,5,yes,54,97,54,60,92.22,higher study
223,8.08,4.31,7.41,6.28,6.52,0,0,74.67,36.67,high,12,yes,59,55,78,100,81.51,none
224,7.54,5.96,5.02,6.95,6.37,0,1,87.76,75.3,low,10,no,51,57,46,80,91.76,higher study
225,6.92,8.41,7.16,8.63,7.78,0,0,76.66,56.51,low,10,yes,74,80,99,67,65.12,higher study
226,6.64,8.36,7.13,7.04,7.29,3,3,61.41,84.52,low,14,yes,48,39,99,51,92.82,none
227,9.25,6.89,7.92,7.69,7.94,0,0,48.29,90.84,medium,1,yes,56,60,76,68,98.33,job
228,6.1,6.41,7.48,7.3,6.82,2,2,37.7,57.45,high,7,no,74,43,95,51,74.1,higher study
229,4.38,6.44,8.55,7.38,6.69,0,0,68.88,68.22,medium,5,no,39,72,81,67,71.36,none
230,6.91,8.09,8.62,8.91,8.13,1,1,99.35,40.87,medium,10,yes,93,70,59,66,85.87,higher study
231,7.96,7.93,6.51,6.89,7.32,0,0,82.45,60.94,high,8,yes,85,87,94,76,85.44,none
232,8.81,8.35,6.41,9.4,8.24,0,0,54.94,57.18,low,10,no,42,84,95,60,64.5,job
233,8.61,8.81,7.89,7.88,8.3,0,0,88.42,45.28,high,12,no,63,93,47,81,97.07,higher study
234,8.3,5.17,6.9,7.26,6.91,0,0,84.52,92.93,medium,12,yes,77,84,87,55,79.16,job
235,8.37,8.08,6.06,6.18,7.17,0,0,51.88,42.93,low,5,no,95,95,74,67,90.58,job
236,7.99,6.47,8.67,9.68,8.2,0,0,33.97,75.6,low,5,no,76,82,93,76,74.37,job
237,6.78,6.73,6.68,7.47,6.92,0,0,40.93,92.64,medium,11,no,61,84,42,49,70.46,job
238,8.72,8.53,8.79,5.71,7.94,3,3,91.78,94.1,low,1,no,41,61,77,47,64.45,job
239,8.01,6.63,8.15,8.44,7.81,0,0,89.05,86.15,low,4,no,84,69,89,72,70.98,none
240,7.68,6.22,8.29,9.89,8.02,0,0,52.79,44.81,high,8,yes,63,58,36,45,99.74,job
241,3.73,8.11,6.6,6.3,6.18,0,0,52.12,87.77,high,0,yes,44,69,92,88,86.32,none
242,9.84,7.21,6.7,6.21,7.49,0,0,86.12,51.54,medium,3,no,53,93,46,39,92.11,job
243,4.72,8.76,7.56,3.77,6.2,0,0,95.83,94.8,medium,9,no,64,40,63,73,98.34,job
244,6.33,7.95,6.52,4.57,6.34,0,0,85.2,80.51,medium,9,no,67,98,86,46,63.16,higher study
245,7.34,6.27,6.92,6.46,6.75,0,0,73.58,85.62,low,13,no,45,69,84,57,66.59,none
246,5.8,3.61,6.96,8.29,6.16,0,0,49.27,38.71,medium,2,yes,81,63,75,92,97.12,job
247,7.38,8.84,6.48,8.17,7.72,0,0,68.23,72.05,high,0,yes,61,80,59,79,82.58,job
248,9.48,6.78,6.62,7.7,7.64,0,0,48.65,88.02,low,0,no,100,62,92,77,85.39,job
249,9.51,7.01,5.88,7.4,7.45,0,0,87.14,90.73,medium,14,no,96,38,36,44,77.11,none
250,3.6,9.22,8.37,9.04,7.56,0,0,58.93,34.93,low,0,no,81,98,74,94,92.58,none
251,8.59,7.21,6,8.66,7.62,0,0,88.86,95.92,low,0,no,75,96,34,69,80.69,none
252,7.64,6.15,9.69,8.3,7.94,0,0,58.57,35.91,low,14,no,85,89,98,43,93.05,higher study
253,4.23,7.49,6.5,8.44,6.66,0,0,88.22,74.18,medium,12,yes,38,50,83,34,99.69,higher study
254,7.14,6.37,6.09,8.44,7.01,0,0,55.34,79.46,low,1,yes,45,84,92,96,85.87,job
255,8.93,7.2,7.89,7.93,7.99,0,0,62.49,40.2,low,10,no,92,70,96,45,81.15,none
256,6.33,7.05,4.43,7.37,6.3,5,5,74.24,36.23,low,4,no,98,42,58,38,74.61,none
257,4.02,9.27,8.93,8.59,7.7,0,0,37.72,85.59,high,1,yes,85,71,43,69,67.79,higher study
258,7.27,8.32,9.57,8.78,8.48,0,0,96.53,58.78,medium,3,yes,76,86,34,50,86.27,job
259,6.13,8.41,6.99,6.07,6.9,0,0,71.44,40.19,high,8,yes,96,46,47,91,62.51,none
260,8.22,6.46,6.36,4.66,6.42,0,0,67.03,84.1,low,2,no,83,86,54,55,98.25,none
261,8.75,7.1,7.71,9.07,8.16,0,0,89.24,89.9,low,1,yes,72,82,91,64,85.9,job
262,9.31,4.32,8.72,6.15,7.12,0,0,91.01,72.36,high,3,no,75,68,71,59,98.37,higher study
263,6.84,7.12,8.35,8.88,7.8,2,2,68,43.81,low,8,no,50,49,34,46,70.89,higher study
264,8.58,6.45,7.87,6.83,7.43,0,3,95.13,34.03,high,3,yes,76,46,38,96,97.86,none
265,4.1,8.4,4.25,8.62,6.34,0,0,37.35,79.96,low,14,no,82,44,77,100,84.49,job
266,6.88,8.12,6.95,7.17,7.28,0,0,40.59,69.86,low,11,yes,38,35,98,96,92.41,job
267,8.73,6.57,7.63,6.36,7.32,3,3,72.99,76.61,low,4,no,34,52,90,44,67.16,job
268,8.26,7.1,6.27,6.24,6.97,0,0,56.73,87.49,low,3,yes,100,78,78,97,80,none
269,8.41,5.06,8.04,6.47,6.99,0,0,64.11,62.1,medium,12,yes,57,79,93,65,82.76,higher study
270,6.05,3.64,8.18,6.75,6.15,0,0,54.99,41.35,medium,7,yes,62,80,99,43,75.71,higher study
271,5.77,6.32,8.9,5.94,6.73,0,0,60.12,95.98,medium,13,yes,48,82,80,87,70.13,higher study
272,4.67,9.8,6.78,7.47,7.18,0,0,88.12,69.54,high,12,no,37,75,59,88,96.19,higher study
273,4.67,7.88,6.06,5.19,5.95,2,2,72.77,74.23,high,14,yes,77,66,42,95,63.4,higher study
274,5.4,6.36,7.64,8.1,6.88,0,0,99.82,95.54,high,14,yes,98,74,84,88,66.16,none
275,8.89,8.96,8.12,8.96,8.73,0,0,85.72,95.42,high,3,yes,64,52,41,68,72.82,none
276,8.18,8.34,8.37,7.32,8.05,0,0,51.34,71.33,medium,1,yes,53,72,38,100,96.79,higher study
277,6.91,7.17,6.58,7.55,7.05,0,0,50.72,52.95,high,11,no,43,40,72,98,82.57,higher study
278,8.49,7.74,6.79,7.57,7.65,0,0,55.51,99.81,high,3,yes,44,72,73,50,74.93,none
279,6.84,8.73,7.54,7.62,7.68,0,0,89.5,78.62,high,1,no,61,67,69,75,76.11,higher study
280,8.62,7.66,6.99,7.55,7.71,0,0,34.84,60.37,low,8,no,71,77,54,92,93.51,higher study
281,3.89,6.52,8.58,6.03,6.26,0,3,48.43,70.51,high,10,no,57,96,59,44,61.07,higher study
282,6.34,7.14,9.08,9.33,7.97,0,0,93.63,60.87,low,13,yes,72,81,89,61,60.45,job
283,8.11,8.53,5.65,6.01,7.07,1,1,75.88,92.52,high,7,no,84,36,90,72,61.84,higher study
284,7.62,7.93,7.42,6.29,7.32,0,0,48.21,65.33,high,8,yes,83,67,92,87,78.77,job
285,6.29,7.95,8.4,6.3,7.24,0,1,47.69,88.18,low,3,yes,40,42,40,44,83.25,higher study
286,6.73,8.6,6,8.11,7.36,0,0,90.8,89.29,high,0,yes,86,94,75,91,84.98,higher study
287,6.04,3.56,7.74,6.61,5.99,5,5,92.88,88.23,low,2,no,70,53,46,73,89.25,none
288,7.41,8.68,8.32,8.68,8.27,0,4,50.17,81.39,high,6,yes,87,73,67,37,67.59,none
289,6.9,8.76,7,8.79,7.86,0,0,61.18,90.28,high,0,no,88,45,86,97,70.49,none
290,7.8,4.63,8.49,8.93,7.46,0,0,88.92,58.95,low,10,no,64,61,79,81,69.74,job
291,6.89,6.28,9.16,8.82,7.79,0,2,84.66,40.69,medium,7,no,98,81,90,64,65.97,job
292,6.9,7.63,6.82,6.82,7.04,0,0,87.53,89.45,low,8,no,92,40,94,35,69.78,higher study
293,4.72,8.22,7.64,9.23,7.45,1,1,67.74,66.38,medium,7,yes,80,47,89,76,84.55,job
294,8.23,4.33,6.64,7.53,6.68,1,1,94.07,41.54,low,4,yes,82,52,62,74,74.66,none
295,6.14,8.27,7.43,6.53,7.09,0,0,54.85,40.73,medium,11,yes,51,87,47,93,90.72,job
296,8.71,7.82,5.07,4.52,6.53,0,0,43.51,43.68,high,10,yes,36,93,46,79,81.46,higher study
297,8.56,6.5,6.95,8.42,7.61,0,0,80.49,83.32,medium,13,yes,51,100,50,73,68.48,job
298,8,8.39,6.8,8.67,7.96,2,5,69.14,80.63,high,11,no,91,67,62,92,78.7,none
299,7.78,8.16,8.9,8.55,8.35,0,0,90.26,46.66,low,12,no,58,74,35,78,83.73,higher study
300,8.68,6.26,5.49,7.3,6.93,0,0,38.45,89.75,medium,14,no,51,64,95,75,94.65,job
301,6.56,7.39,6.48,3.57,6,0,0,89.53,51.85,high,8,yes,85,72,53,54,93.35,higher study
302,6.24,4.6,8.36,8.28,6.87,0,0,52.66,86.13,low,3,no,76,85,89,36,77.06,higher study
303,6.72,6.52,8.95,6.29,7.12,0,0,76.88,65.76,medium,8,yes,100,80,85,99,85.91,job
304,8.38,7.01,6.06,6.12,6.89,0,1,35.7,82.02,high,0,no,40,53,58,44,71.91,higher study
305,6.1,4.16,8.1,4.91,5.82,0,0,73.85,58.56,medium,11,no,77,85,95,57,85.32,job
306,9.57,6.05,6.76,8.26,7.66,0,0,81.06,56.26,medium,10,no,77,95,50,83,96.51,none
307,7.75,7.2,6.12,7.28,7.09,0,0,57.71,89.37,high,2,yes,84,38,72,54,84.98,none
308,8.99,7.65,7.21,9.26,8.28,0,0,47.44,35.37,high,3,yes,54,90,43,58,72.15,job
309,8.57,3.91,8.81,8.99,7.57,0,0,69.03,98.31,low,10,yes,70,37,92,37,85.76,job
310,7.56,7.86,6.04,6.29,6.94,0,0,88.83,76.43,high,9,yes,61,44,58,76,96.11,higher study
311,6.19,7.99,7.76,8.57,7.63,0,0,54.68,61.98,high,0,no,65,52,61,80,65.48,job
312,8.49,5.22,7.5,7.44,7.16,2,3,49.92,75.08,medium,11,yes,90,60,94,56,79.3,higher study
313,7.8,8.51,8.62,8.48,8.35,0,0,51.7,41.23,high,5,yes,74,62,91,93,72.84,none
314,9.33,4.79,6.25,8.45,7.2,0,0,96.59,67.45,medium,12,no,87,51,77,54,69.66,job
315,4.57,9.04,8.04,8.75,7.6,0,3,57.08,99,medium,14,no,60,70,56,99,75.85,none
316,6.34,6.65,8.04,6.89,6.98,0,0,33.25,48.77,high,3,no,73,94,50,84,75.76,job
317,6.28,6.36,5.45,8.85,6.74,0,0,85.37,81.4,high,3,yes,74,80,71,48,68.42,none
318,8.73,8.55,8.01,6.46,7.94,0,5,79.85,62.15,high,0,no,57,53,63,91,76.15,job
319,8.01,6.47,4.39,6.25,6.28,0,0,41.62,76.72,high,4,no,51,82,52,59,85.35,job
320,8.49,8.92,8.83,9.22,8.86,0,0,98.99,46.74,low,8,yes,89,48,65,92,61.03,higher study
321,8.64,8.53,8.47,7.29,8.23,2,2,73.74,64.53,medium,5,no,48,51,53,78,99.57,higher study
322,7.72,4,6.13,9.2,6.76,2,2,66.56,98.67,low,14,yes,68,71,97,99,71.84,job
323,7.55,7.5,7.41,8.48,7.74,3,3,58.61,46.09,low,7,yes,60,55,69,68,84.95,higher study
324,7.29,8.94,7.19,7.42,7.71,0,0,93.21,75.65,medium,10,yes,36,93,98,97,71.34,job
325,9.04,4.3,6.93,8.49,7.19,2,2,49.35,71.57,low,3,no,54,99,76,60,75.74,job
326,6.95,9.99,4.94,8.19,7.52,0,0,52.15,70.86,high,8,no,72,59,59,64,81.97,none
327,7.3,6.29,7.35,6.63,6.89,0,0,41.21,74.22,high,6,no,65,97,40,45,84.47,higher study
328,8.32,9.13,5.58,8.85,7.97,0,0,83.86,66.65,high,13,yes,83,91,67,78,90.82,higher study
329,7.81,6.91,5.22,3.74,5.92,0,0,72.91,34.14,high,13,no,42,36,69,65,91.67,none
330,8.68,4.98,7.15,6.18,6.75,3,3,73.81,93.31,medium,6,yes,83,63,39,87,80.75,job
331,7.33,7.91,7.3,8.69,7.81,0,0,47.65,88.41,high,7,no,34,52,70,99,63.03,higher study
332,7.82,7.05,8.94,9.13,8.24,0,0,76.63,44.68,medium,1,yes,37,43,95,65,82.31,job
333,7.89,8.79,3.55,5.59,6.46,0,0,84.29,60.7,medium,11,yes,37,79,93,48,79.1,higher study
334,7.78,6.2,6.27,9.93,7.54,2,2,56.98,84.63,medium,5,yes,67,52,97,88,68.62,higher study
335,8.11,7.65,8.77,6.91,7.86,0,0,86.69,98.66,medium,6,yes,60,91,83,74,60.41,job
336,6.71,7.77,7.44,7.5,7.36,4,7,56.38,96.73,low,2,yes,48,39,85,73,72.64,job
337,4.99,7.96,4.34,7.27,6.14,0,0,83.8,93.26,low,7,yes,65,84,50,82,70.38,higher study
338,7.54,3.68,7.87,6.52,6.4,0,0,35.27,43.62,high,0,yes,74,47,93,71,79.32,none
339,6.31,6.77,8.49,7.07,7.16,0,0,69.93,94.27,medium,0,yes,94,91,87,89,90.46,none
340,7.15,7.09,7.08,6.58,6.98,0,0,97.96,91.86,high,9,yes,96,41,43,67,77.56,none
341,7.46,8.53,3.86,6.61,6.61,0,0,98.74,58.26,high,2,yes,94,35,58,34,98.06,none
342,7.96,6.58,7.29,6.56,7.1,0,0,51.88,59.44,high,5,yes,47,51,51,43,68.85,none
343,8.85,3.87,7.23,7.47,6.86,0,0,62.58,63.82,high,6,yes,56,90,97,73,68.84,job
344,7.8,3.68,7.12,8.39,6.75,0,0,37.23,76.97,medium,1,no,98,68,92,49,84.18,higher study
345,8.23,8.48,9.39,7.71,8.45,0,0,91.52,50.48,medium,13,no,65,99,60,79,95.85,none
346,7.52,7.69,8.78,5.38,7.34,0,1,71.1,34.55,low,5,yes,74,89,91,57,86.87,higher study
347,7.9,8.29,4.08,8.68,7.24,0,0,58.81,42.47,medium,11,no,59,76,94,47,86.95,job
348,6.21,8.14,8.49,7.91,7.69,0,0,40.56,62.49,medium,4,yes,81,41,76,72,92.25,higher study
349,6.76,5.53,6.33,8.07,6.67,0,3,96.43,51.9,high,14,no,49,38,44,51,86.75,job
350,7.09,6.62,6.32,8,7.01,0,0,68.53,84.22,medium,5,yes,64,46,38,74,90.37,higher study
351,7.42,7.71,5.76,7.35,7.06,0,0,51.96,40.16,high,0,no,99,40,91,89,94.65,higher study
352,6,8.6,7.28,4.65,6.63,0,1,56.47,94.47,medium,13,yes,65,54,72,69,60.32,job
353,6.14,7.3,3.59,8.07,6.28,0,0,51.14,92.99,low,9,no,43,70,81,57,95.42,higher study
354,6.42,9.8,6.3,6.21,7.18,3,5,73.33,93.89,high,6,yes,58,78,53,62,68.61,job
355,6.83,8.9,7.86,8.58,8.04,0,0,95.31,82.56,medium,7,no,78,85,52,55,96.48,higher study
356,8.91,7.36,6.43,8.33,7.76,5,5,90.4,40.18,medium,13,no,57,81,93,44,70.65,higher study
357,6.99,6.43,7.57,4.57,6.39,0,0,63.85,62.36,high,6,no,36,95,59,74,78.21,none
358,7.45,7.17,6.02,6.74,6.85,0,0,88.38,41.81,low,8,yes,95,84,58,82,97.36,higher study
359,5.42,8.86,6.95,8.3,7.38,0,0,61.35,99.18,low,0,no,100,37,48,44,64.39,none
360,6.59,6.96,8.03,6.04,6.9,1,1,49.91,55.32,medium,9,no,88,89,54,85,89.81,none
361,7.83,8.6,4.05,6.65,6.78,0,0,98.89,72.22,medium,8,yes,43,67,80,100,75.7,job
362,6.84,8.64,7.45,6.2,7.28,0,0,53.37,85.22,medium,10,yes,88,78,68,41,60.96,job
363,6.62,7.05,8.93,8.34,7.74,1,1,54.7,94.68,high,10,no,55,49,77,64,97.57,higher study
364,7.55,6.25,8.62,8.27,7.67,0,0,99.31,83.62,high,12,yes,47,42,39,39,64.71,job
365,4.49,8.17,7.08,8.44,7.04,0,0,41.98,78.2,high,14,no,41,49,56,46,90.97,none
366,6.02,6.93,6.14,6.01,6.28,0,0,83.96,64.23,medium,2,no,48,64,72,39,75.37,higher study
367,9.27,8.35,8.54,5.74,7.98,0,3,95.7,73.57,low,1,yes,48,46,51,100,92.42,job
368,5.57,7.33,8.73,7.5,7.28,0,0,67.3,39.32,high,5,no,85,38,73,60,90.01,job
369,6.02,7.46,8.46,8.11,7.51,0,0,33.18,92.22,low,10,no,87,80,69,78,85.33,job
370,6.66,8.33,6.38,4.22,6.4,0,0,58.14,69.44,medium,4,yes,75,72,61,59,97.57,none
371,6.11,7.15,8.99,6.47,7.18,0,0,40.48,35.7,high,14,yes,52,51,97,37,63.96,job
372,6.32,7.33,6.78,7.95,7.1,0,0,60.89,94.63,high,3,no,73,53,91,70,91.94,higher study
373,7.02,7.13,8.17,6.25,7.14,0,0,85.93,65.79,high,3,no,60,35,71,54,86.83,higher study
374,8.41,7.1,8.72,6.54,7.69,0,3,62.4,91.2,medium,7,no,76,73,77,61,72.59,higher study
375,7.72,7.58,6.71,4.12,6.53,0,0,61.94,90.41,medium,9,yes,85,63,35,65,81.84,none
376,7.54,8.43,8.72,7.43,8.03,0,5,70.31,87.66,medium,12,no,79,43,68,86,85.79,job
377,3.93,7.09,6.93,7.96,6.48,0,0,71.98,37.12,low,2,no,47,97,34,66,89.45,higher study
378,6.88,5.38,8.93,6.44,6.91,0,0,90.37,49.56,low,12,no,97,75,79,59,67.48,job
379,3.58,7.57,6.84,6.56,6.14,0,0,53.67,91.66,high,0,yes,94,86,93,50,64.08,job
380,8.8,8.01,8.86,5.85,7.88,3,3,88.05,93.23,high,4,no,91,86,96,89,64.08,higher study
381,7.19,6.81,6.16,6.61,6.69,0,0,70.92,63.7,medium,7,no,82,73,78,63,71.75,none
382,6.26,6.83,8.13,6.72,6.98,0,0,53.14,62.49,medium,2,yes,62,49,90,38,66.17,higher study
383,7.85,8.8,7.6,6.68,7.73,0,4,52.78,44.74,medium,1,yes,59,81,70,39,81.43,higher study
384,4.01,8.17,4.27,7.19,5.91,0,0,57.2,97.88,high,0,no,60,94,40,95,77.48,none
385,6.34,5.38,7.43,7.96,6.78,1,1,74.72,47.29,medium,12,yes,100,71,49,43,95.72,job
386,4.35,7.73,6.67,7.31,6.52,0,0,48.47,45.8,low,3,no,100,77,83,43,88.7,job
387,7.04,9.39,9.19,8.33,8.49,0,0,94.66,77.27,low,10,no,68,48,47,77,68.23,none
388,7.52,7.94,8.12,8.16,7.94,0,0,71.52,49.28,high,1,yes,93,94,39,89,61.83,higher study
389,8.62,6.09,6.57,9.14,7.6,0,0,94.64,95.9,high,13,no,94,40,94,37,88.37,none
390,4.78,7.85,7.66,6.38,6.67,0,0,36.12,33.74,low,7,no,36,63,54,46,93.83,higher study
391,9.01,7.53,6.76,6.15,7.36,0,0,55.96,33.4,medium,10,no,66,69,43,52,88.04,none
392,7.48,7.64,8.87,5.52,7.38,0,3,34.54,66.83,high,12,no,75,44,65,95,85.75,job
393,8.11,7.08,9.79,8.63,8.4,0,0,51.25,65.71,high,14,no,46,62,39,42,69.97,none
394,8.98,6.24,6.09,5.55,6.72,0,0,90.76,43.95,high,9,yes,62,39,35,79,79.78,none
395,6.39,5.29,6.6,3.99,5.57,0,0,35.46,66.14,low,11,no,42,84,72,89,89,higher study
396,5.04,5.17,6.73,6.24,5.8,0,0,62.23,60.59,high,8,no,65,71,82,73,67.73,higher study
397,5.78,6.58,7.24,6.45,6.51,0,0,40.89,92.65,low,12,yes,55,55,60,100,79.06,higher study
398,6.82,8.85,6.7,6.07,7.11,4,4,60.93,33.63,low,9,yes,91,87,89,95,64.68,none
399,7.18,7.23,5.04,7.89,6.84,0,0,89.2,98.41,medium,0,yes,90,73,47,79,81.23,none
400,7.27,7.4,9.42,7.75,7.96,3,3,74.75,74.84,medium,14,yes,43,40,56,39,82.94,higher study
401,7.23,6.16,7.47,8.96,7.46,0,0,82.37,43.18,medium,1,yes,58,73,84,62,81.42,job
402,4.77,6.11,4.84,8.66,6.1,0,0,56.4,36.14,high,5,yes,95,57,58,52,78.78,higher study
403,8.72,8.15,8.62,7.23,8.18,0,5,96.28,69.06,low,12,yes,96,74,86,48,83.5,none
404,4.75,7.61,8.14,7.11,6.9,0,0,80.52,48.75,high,9,yes,36,84,44,90,99.87,none
405,8.14,9.49,7.74,9.2,8.64,1,1,61.27,53.19,low,11,no,80,72,68,71,84.9,higher study
406,3.63,7.53,6.27,6.89,6.08,2,2,61.58,49.43,high,6,no,88,76,88,54,90.1,higher study
407,7.82,4.69,8.08,6.46,6.76,0,1,94.55,76.57,low,1,yes,59,92,91,84,67.68,none
408,6.93,6.73,6.5,6.41,6.64,0,0,71.62,70.09,medium,7,no,46,58,70,72,81.2,none
409,3.59,8.23,8.36,9.25,7.36,0,0,80.33,38.23,medium,12,no,40,58,42,53,60.3,job
410,8.47,6.5,6.75,9.93,7.91,2,2,60.95,68.28,high,9,no,67,57,61,35,61.26,higher study
411,8.87,6.57,7.25,6.4,7.27,0,0,48,86.01,low,8,no,55,95,88,65,72.9,higher study
412,9.98,7.38,9.09,3.86,7.58,0,4,81.48,38.45,medium,7,no,56,76,79,37,78.66,job
413,9.97,6.86,7.05,6.34,7.56,0,3,73.73,92.61,low,8,yes,81,92,60,40,83.03,none
414,8.46,6.74,8.58,9.76,8.38,0,5,66.59,71.75,high,14,yes,47,87,43,36,95.52,none
415,6,7.94,6.38,6.72,6.76,0,1,74.81,96.69,medium,5,no,85,59,56,58,90.87,job
416,7.91,7.95,7.7,6.92,7.62,0,2,46.96,42.93,high,10,yes,72,87,54,42,72,higher study
417,6.15,8.47,6.43,8.88,7.48,4,4,86.2,99.57,high,6,no,74,94,78,59,89.74,none
418,6.77,7.25,8.11,7.74,7.47,0,0,96.53,76.17,low,5,no,69,77,36,97,81.98,job
419,6.18,6.22,8.72,8.96,7.52,0,0,92.7,71.03,high,6,no,39,42,92,51,91.17,job
420,7.81,6.82,7.3,7.12,7.26,0,4,54.54,67.53,high,2,yes,56,75,76,35,76.44,job
421,8.06,8.94,7.46,9.79,8.56,0,0,60.21,34.59,low,3,no,43,62,40,34,63.68,none
422,6.34,9.88,8.78,7.37,8.09,0,0,87.16,95.96,low,8,no,93,91,60,81,84.74,none
423,7.15,7.79,7.56,6.97,7.37,0,0,72.88,76.15,high,2,no,63,96,95,96,82.28,job
424,7.37,8.13,7.46,6.55,7.38,0,0,69.71,39.15,medium,1,yes,38,82,75,69,98.14,job
425,7.11,6.02,7.73,6.43,6.82,0,0,95.09,34.41,medium,11,no,90,44,37,96,66.49,none
426,6.36,7.55,8.07,3.57,6.39,0,0,68.92,36.41,low,12,yes,76,87,95,59,86.25,none
427,7.26,6.11,6.32,8.84,7.13,0,0,67.51,73.83,high,10,no,85,63,41,39,78.96,none
428,4.88,7.71,9.48,8.96,7.76,0,0,35.82,74.14,medium,6,no,39,99,50,59,75.16,none
429,8.25,8.76,8.46,6.13,7.9,0,0,37.66,66.48,low,5,no,35,98,38,76,91.78,none
430,6.21,8.91,7.31,6.45,7.22,0,0,33.51,53.56,low,2,yes,50,91,96,34,92.43,job
431,6.24,7.62,6.22,9.1,7.3,0,3,94.19,68.63,low,5,no,45,90,42,42,88.58,none
432,7.06,7.37,8.36,7.27,7.52,0,0,60.37,67.6,high,14,no,77,70,41,60,63.34,none
433,8.83,8.84,7.13,4.09,7.22,1,1,64.4,34.31,low,6,no,87,87,40,36,73.8,job
434,8.01,5.11,4.05,6.56,5.93,0,0,89.64,51.93,medium,5,no,40,57,70,94,61.87,job
435,8.04,8.02,9.09,7.09,8.06,0,0,73.82,36.57,high,0,no,65,96,88,35,73.75,higher study
436,7.09,6.19,6.3,9.84,7.36,0,0,73.84,93.31,medium,11,no,62,84,100,64,85.92,none
437,7.78,7.4,7.9,6.39,7.37,0,0,52.87,81.59,medium,13,yes,79,48,41,98,80.75,higher study
438,4.6,6.72,8.64,7.37,6.83,0,0,88.87,99.74,medium,0,no,86,80,38,51,88.12,higher study
439,6.03,9.41,8.66,6.82,7.73,0,0,44.12,53.25,high,8,yes,58,79,50,39,82.06,job
440,7.91,7.41,8.87,7.06,7.81,0,0,36.57,91.86,medium,5,no,86,63,91,75,82.23,job
441,8.74,3.6,8.6,5.44,6.6,0,0,45.85,73.41,low,11,yes,62,53,96,37,80.44,higher study
442,9.4,5.05,6.01,6.28,6.68,0,0,50.95,63.36,low,1,no,39,90,60,37,74.57,higher study
443,7.84,7.37,7.14,4.1,6.61,0,4,51.92,47.92,medium,14,yes,71,82,61,98,77.86,higher study
444,8.62,7.75,8.46,7.28,8.03,0,0,77.93,82.47,low,10,no,36,89,91,74,64.5,higher study
445,5.6,7.07,7.1,8.95,7.18,0,0,47.6,93.58,high,0,yes,68,89,83,76,93.38,none
446,3.9,9.54,7.8,6.99,7.06,3,3,78.34,48.77,high,10,no,88,58,100,88,95.57,higher study
447,9.73,6.49,7.82,8.63,8.17,1,1,39.11,44.76,low,11,yes,80,42,64,52,90.65,job
448,8.17,7.51,3.91,9.41,7.25,1,1,42.87,79.65,low,1,no,66,55,45,54,83.34,higher study
449,6.36,8.49,7.1,8.53,7.62,2,2,67.1,98.46,high,7,no,36,70,88,91,82.77,higher study
450,8.71,7.99,8.71,8.86,8.57,0,0,94.77,83.25,medium,4,no,92,61,37,63,78.81,job
451,6.2,7.02,7.51,5.32,6.51,1,1,90.59,52.07,high,6,yes,51,47,75,40,69.25,higher study
452,7.6,8.81,7.39,8.37,8.04,0,0,97.91,61.14,medium,6,yes,99,63,87,97,75.35,job
453,6.43,5.44,8.99,7.98,7.21,0,0,76.59,58.76,low,1,yes,58,72,55,35,99.6,none
454,3.56,4.75,7.48,4.13,4.98,0,0,78.28,90.09,low,3,no,53,90,34,100,65.83,none
455,6.04,4.39,4.09,8.57,5.77,0,1,74.88,84.68,medium,1,yes,62,38,81,42,81.71,job
456,7.27,8.74,6.54,6.23,7.19,5,5,74.73,72.47,medium,6,no,51,45,76,56,94.66,none
457,6.89,6.63,7.54,7.39,7.11,0,0,42.87,51.43,high,4,no,60,68,53,47,78.12,none
458,7.46,6.12,8.44,8.97,7.75,0,0,69.44,95.85,medium,0,no,75,74,51,87,84.22,none
459,7.73,8.22,9.13,8.31,8.35,0,0,58.87,76.78,low,1,no,99,96,82,78,93.11,job
460,6.13,8.48,8.33,8.89,7.96,0,0,62.66,98.02,low,5,no,59,75,50,49,81.9,higher study
461,6.37,8.9,9.24,8.34,8.21,0,0,68.09,71.87,low,13,no,56,98,86,90,89.26,none
462,7.68,8.67,4.76,8.62,7.43,1,1,41.61,88.02,medium,3,no,38,98,55,41,73.89,higher study
463,7.03,9.05,8.37,9.26,8.43,0,0,57.09,87.48,medium,6,yes,44,76,43,58,89.32,higher study
464,8.19,7.8,4.18,8.12,7.07,0,0,37.26,55.61,low,14,yes,52,93,57,74,61.64,none
465,9.35,7.59,9.86,8.28,8.77,0,0,98.64,97.59,medium,1,no,45,53,45,95,66.12,none
466,7.96,6.08,8.12,7.57,7.43,0,0,40.95,34.48,high,12,no,35,96,37,51,85.49,higher study
467,8.54,6.74,6.76,8.77,7.7,0,0,50.33,84.51,high,11,yes,76,57,75,83,77.96,none
468,4.62,7.38,8.59,8.48,7.27,0,0,92.72,97.69,medium,1,no,55,68,38,74,93.13,job
469,8.08,4.19,8.68,8.53,7.37,0,0,65.35,55.71,medium,11,yes,59,74,59,67,73.68,job
470,9.67,5.11,6.58,8.02,7.34,0,0,42.1,76.43,low,5,no,66,49,92,45,90.69,none
471,7.29,5.23,6.39,6.91,6.46,0,0,58.75,70.67,medium,7,no,57,39,95,75,65.56,higher study
472,9.81,9,8.93,6.11,8.46,0,0,40.77,84.02,low,12,yes,54,53,38,88,97.21,none
473,8.02,7.89,8.6,8.81,8.33,0,0,46.42,91.04,high,0,yes,79,89,59,92,76.74,job
474,4.09,7.67,8.68,7.76,7.05,0,0,36.5,73.41,medium,4,no,51,41,39,84,69.24,higher study
475,6.83,8.23,5.87,6.89,6.96,1,3,62.37,87.67,high,0,no,38,39,57,86,91.57,none
476,9.95,6.84,8.66,6.45,7.98,0,0,87.05,53.93,medium,14,yes,41,41,86,42,97.92,job
477,6.92,7.69,7.63,8.49,7.68,0,0,72.26,48.32,medium,10,yes,90,95,40,36,96.72,higher study
478,8.37,6.26,7.94,8.51,7.77,0,0,73.63,61.86,low,5,yes,38,47,43,41,69.52,job
479,9.4,7.24,7.64,8.44,8.18,0,0,46.45,78.41,low,6,no,46,36,72,92,86.88,none
480,7.34,8.25,9.92,7.94,8.36,0,0,56.05,45.55,medium,5,yes,99,35,61,63,81.87,none
481,8.4,8.08,6.15,4.49,6.78,0,0,89.63,78.59,medium,13,no,70,55,75,100,89,job
482,8.47,8.97,8.24,5.96,7.91,0,5,38.9,59.41,low,12,yes,62,39,95,88,79.48,job
483,8.57,6.83,4.66,7.1,6.79,0,1,90.48,86.31,high,8,yes,65,83,85,67,78.79,job
484,8.75,7.49,3.65,6.91,6.7,0,0,65.41,35.48,medium,2,yes,81,77,55,76,95.31,job
485,7.29,6.99,7.52,6.03,6.96,0,0,89.09,77.76,low,7,yes,35,41,90,61,94.85,job
486,3.62,7.32,7.94,8.5,6.85,0,0,54.31,76.54,medium,2,no,84,57,44,70,91.5,higher study
487,6.96,8.57,7.51,6.26,7.32,4,4,55.71,96.04,low,10,no,68,60,47,63,88.2,none
488,7.75,8.05,7.48,7.89,7.79,0,0,83.36,80.8,high,14,yes,48,86,64,95,87.13,higher study
489,9.78,8.65,6.52,7.51,8.12,5,5,85.6,86.35,medium,11,no,98,84,37,62,62.25,job
490,5.31,6.61,6.84,7.58,6.58,0,0,48.39,93.61,medium,12,no,71,61,55,35,89.98,higher study
491,7.11,8.62,5.32,4.11,6.29,0,1,98.18,78.23,high,12,no,50,92,97,90,85.52,none
492,7.8,6.18,6.48,8.78,7.31,0,0,38.67,52.45,medium,6,yes,78,58,94,90,72.1,job
493,8.12,8.67,6.59,6.09,7.37,0,0,37.6,91.28,medium,13,yes,34,77,39,75,92.8,job
494,8.07,6.99,4.32,8.32,6.93,0,0,72.9,83.09,medium,12,no,36,80,39,82,93.3,none
495,7.12,6.94,8.92,6.16,7.28,0,0,81.43,61.44,low,4,yes,85,46,99,90,97.29,higher study
496,6.5,7.54,9.83,9.58,8.36,0,1,97.38,80.61,low,11,yes,86,86,69,51,76.73,none
497,7.29,8.82,9.33,6.11,7.89,0,5,60.14,91.14,medium,12,yes,36,86,48,60,82.05,none
498,6.43,6.14,6.46,7.29,6.58,0,0,34.7,98.37,high,0,yes,80,70,73,87,96.24,higher study
499,9.27,7.06,6.81,6.19,7.33,0,0,73.4,96.81,high,14,no,39,96,74,57,72.67,higher study
500,9.99,8.57,7.77,4.44,7.69,2,2,52.42,54.8,medium,10,no,79,99,40,67,91.87,job
501,8.67,7.19,7.83,4.25,6.98,0,0,62.01,61.26,low,11,yes,94,73,55,55,99.68,job
502,7.04,6.6,6.46,8.37,7.12,0,0,65.73,40.35,low,3,no,76,94,44,96,86.08,job
503,6.46,7.27,8.38,7.59,7.42,0,0,37.33,49.59,medium,13,no,89,39,35,69,99.35,none
504,3.78,7.16,9.27,6.09,6.58,0,0,65.57,92.12,low,12,no,53,58,63,94,80.63,higher study
505,6.08,8.75,8.36,6.12,7.33,0,0,61.57,57.18,low,10,no,80,79,86,75,66.12,higher study
506,7.94,8.29,6.71,9.82,8.19,0,0,80.74,74.58,high,14,no,87,64,54,66,67.02,job
507,5.02,7.52,6.87,7.84,6.81,0,0,76.26,77.62,medium,8,yes,74,96,58,42,89.25,none
508,4.2,8.97,8.81,9.78,7.94,0,0,45.42,85.38,low,14,no,99,72,38,58,60.04,none
509,3.93,7.4,5.13,8.42,6.22,0,0,46.82,45.26,low,7,no,64,69,99,46,86.48,higher study
510,7.91,5.68,8.48,3.77,6.46,0,0,49.82,53.43,low,2,yes,97,40,82,80,66.05,higher study
511,7.02,6.17,8.09,7.31,7.15,1,1,45,63.04,medium,14,yes,91,99,41,78,99.37,higher study
512,6.22,6.79,6.25,9.89,7.29,0,0,77.04,57.45,medium,1,yes,88,88,60,38,66.53,higher study
513,4.45,7.31,7.25,7.66,6.67,0,2,99.63,98.85,low,10,no,79,75,35,64,82.1,none
514,5.5,6.47,7.68,8.4,7.01,0,2,76.69,88.94,high,8,no,57,60,61,64,86.78,job
515,7.23,8.84,6.56,7.83,7.62,1,1,73.65,65.14,high,0,yes,70,35,44,74,92.78,higher study
516,6.93,8.3,7.34,6.67,7.31,0,0,60.47,91.91,medium,8,no,74,37,79,79,78.37,higher study
517,8.03,6.8,9.55,7.84,8.06,0,0,53.95,56.3,high,11,yes,58,54,54,85,97.35,higher study
518,4.48,4.36,4.2,9.93,5.74,2,2,94.04,85.65,low,6,yes,62,34,75,38,79.21,none
519,9.03,7.77,7.8,7.88,8.12,0,0,97.92,47.99,medium,11,no,64,71,65,45,70.08,job
520,7.82,8.16,4.93,8.2,7.28,0,0,66.29,84.75,medium,1,yes,35,93,65,54,83.72,none
521,7.09,5.42,6.98,7.86,6.84,0,0,52.45,63.59,high,10,no,45,47,55,42,86.32,job
522,6.65,8.82,8.34,4.72,7.13,0,0,84.6,40.21,medium,4,yes,38,50,54,50,80.3,none
523,9.6,4.9,8.52,8.91,7.98,1,1,41.88,51.32,high,13,yes,94,80,55,57,89.33,higher study
524,5.38,8.64,6.97,6.59,6.9,0,3,84.3,59.96,high,1,yes,89,89,67,60,76.83,higher study
525,3.81,5.71,8.52,8.85,6.72,0,0,87.87,83.21,low,14,no,70,86,43,41,60.17,job
526,8.96,7.55,6.31,7.62,7.61,0,2,41.38,37.9,high,4,yes,69,51,98,77,70.58,none
527,7.36,8.32,8.51,8.02,8.05,0,0,98.45,77.19,high,6,yes,62,81,98,95,97.84,job
528,8.06,4.82,6.46,6.3,6.41,0,0,99.03,80.98,medium,4,yes,71,42,100,62,90.53,none
529,6.42,7.69,6.25,7.14,6.88,0,0,95.76,76.82,low,1,no,74,87,76,57,67.58,higher study
530,5.43,7.66,7.93,8.31,7.33,4,4,66.24,83.97,low,10,no,66,68,74,67,62.67,job
531,4.09,6.34,5.43,8.12,5.99,0,0,49.49,44.95,high,13,no,46,79,46,93,74.03,job
532,9.66,6.38,7.42,6.12,7.4,0,0,72,72.34,medium,4,no,39,34,37,64,93.45,higher study
533,9.69,7.59,8.72,7.64,8.41,0,0,61.14,96.06,medium,11,no,99,74,56,37,64.24,higher study
534,7.46,6.81,7.09,6.26,6.9,0,0,46.81,73.93,medium,11,yes,41,65,67,42,81.73,higher study
535,6.08,6.06,6.86,8.99,7,0,0,61.39,73.96,low,9,yes,97,73,74,87,71,higher study
536,5.19,8.17,7.5,8.69,7.39,0,0,77.48,82.34,low,13,yes,42,44,51,34,89.05,higher study
537,4.91,6.1,7.37,6.06,6.11,0,0,37.76,55.33,high,5,yes,56,95,66,94,60.02,higher study
538,7.52,7.79,5.82,8.58,7.43,0,1,55.35,79.93,high,14,no,54,79,58,64,71.09,none
539,8.89,7.62,7.03,8.76,8.08,0,0,34.2,94.39,medium,4,yes,34,81,85,78,87.17,none
540,7.15,8.91,4.15,7.06,6.82,1,1,83.22,33.74,high,1,no,79,76,50,93,81.87,job
541,9.12,7.45,8.08,8.16,8.2,0,0,75.93,91.3,medium,5,no,95,84,84,75,91.15,none
542,6.12,6.19,8.28,7.33,6.98,0,4,37.21,47.66,low,5,no,35,94,36,60,66.31,job
543,6.09,7.66,4.34,4.45,5.64,0,0,97.64,63.55,high,11,yes,77,75,88,91,81.24,none
544,7.16,8.52,8.56,7.97,8.05,0,0,34.53,90.11,medium,1,no,38,59,89,67,67.83,none
545,6.48,8.99,8.92,7.02,7.85,0,0,72.53,88.2,low,12,yes,72,44,68,43,85.57,higher study
546,6.07,4.79,6.8,6.97,6.16,0,0,85.02,92.76,medium,12,no,99,58,92,99,65.25,none
547,8.27,7.29,4.66,7.27,6.87,5,5,85.79,96.01,high,3,yes,78,73,92,58,65.95,none
548,7.38,6.96,8.15,6.44,7.23,0,0,35.31,62.97,medium,6,yes,46,58,46,36,73.13,none
549,6.87,8.72,7.18,8.49,7.82,0,1,93.73,76.98,low,0,no,65,85,95,67,76.08,higher study
550,8.7,6.57,8.03,5.24,7.14,0,0,94.54,59.17,high,0,no,76,36,80,61,79.94,higher study
551,6.35,4.94,5.82,7.05,6.04,0,1,70.62,56.5,low,13,yes,41,72,36,42,83.23,none
552,5.82,7.85,7.43,7.2,7.08,0,1,65.3,61.92,high,10,yes,92,68,54,44,78.75,job
553,8.87,7.22,8.98,8.68,8.44,0,0,36.02,82.79,medium,11,no,44,73,98,72,61.83,none
554,6.94,5.37,8.19,7.49,7,4,4,70.66,66.6,low,10,no,61,55,51,46,73.74,higher study
555,4.47,6.12,8.86,7.63,6.77,3,3,60.43,87.54,low,5,no,72,95,46,44,62.46,higher study
556,8.67,7.04,8.5,8.87,8.27,0,5,84.78,82.93,medium,6,yes,59,52,78,68,64.72,job
557,7.81,6.8,8.71,8.66,8,0,0,60.07,34.38,low,11,no,59,47,95,41,63.71,higher study
558,8.48,8.06,8.44,6.51,7.87,0,0,78.8,75.23,low,4,yes,65,83,63,40,66.32,higher study
559,8.95,5.91,7.38,5.54,6.94,1,1,39.8,62.26,low,14,no,79,95,47,90,92.52,none
560,6.87,9.24,5.75,7.42,7.32,0,3,41.92,63.6,low,11,no,61,76,86,68,85.1,job
561,8.88,8.85,6.76,8.91,8.35,0,0,42.37,87.83,medium,9,no,40,88,43,44,80.27,higher study
562,7.17,6.8,3.72,7.12,6.2,0,0,36.06,69.69,low,7,yes,68,73,64,71,89.29,higher study
563,7.16,3.68,7.11,7.11,6.26,0,0,69.27,92.34,low,10,yes,99,45,39,82,98.45,none
564,7.02,8.43,3.83,4.86,6.04,0,0,86.2,80.76,low,3,yes,55,98,52,68,76.71,none
565,7.62,6.17,6.06,6.59,6.61,2,2,73.9,70.04,high,2,yes,55,67,45,62,74.7,none
566,6.46,3.63,7.57,6.34,6,2,3,71.53,83.56,high,6,no,36,56,97,74,99.11,none
567,7.66,7.61,4.74,8.22,7.06,0,0,78.6,35.58,medium,13,no,79,40,88,39,90.85,job
568,7.63,6.21,3.77,8.31,6.48,0,0,55.76,34.82,medium,3,no,83,98,100,43,91.08,none
569,3.67,8.8,7.52,8.91,7.22,5,5,57.26,38.59,medium,0,yes,41,51,42,56,84,job
570,8.29,5.84,7.58,8.32,7.51,0,0,54.06,62.32,low,10,yes,37,41,39,79,80.28,higher study
571,8.5,8.3,8.92,9.24,8.74,0,0,80.71,48.78,high,7,no,48,75,34,45,82.02,higher study
572,7.32,7.97,8.73,3.58,6.9,0,0,43.84,98.95,high,4,no,77,34,75,88,86.08,none
573,6.91,8.47,6.49,6.73,7.15,2,2,33.88,69.34,medium,12,yes,72,48,88,46,75.07,none
574,6.78,7.94,7.11,6.12,6.99,0,0,72.95,77.39,high,7,yes,62,61,82,40,91.29,none
575,3.55,8.91,4.36,8.96,6.44,0,0,96.14,51.69,medium,7,yes,95,69,63,45,96.37,higher study
576,5.57,8.14,7.27,7.02,7,5,5,73.83,54.57,low,11,yes,67,79,68,94,82.85,higher study
577,6.58,8.77,7.08,6.94,7.34,0,0,85.46,55.48,high,4,no,59,54,96,58,75.26,higher study
578,4.81,7.55,8.4,8.72,7.37,1,1,78.08,79.82,low,7,yes,51,82,55,35,87.82,job
579,6.17,9.68,7.57,7.76,7.8,0,0,66.33,64.74,low,6,no,96,72,76,59,67.29,higher study
580,7.03,6.35,7.72,6.64,6.94,0,0,81.14,67.69,high,12,no,85,71,61,84,98.74,none
581,6.81,4.82,8.56,5.05,6.31,0,0,88.22,72.67,medium,2,no,87,42,51,95,86.32,job
582,9.94,7.58,8.42,3.64,7.4,0,0,48.06,84.51,high,14,yes,75,53,65,72,62.7,job
583,8.9,6.38,3.87,8.67,6.96,0,0,55.53,39.06,low,3,no,87,41,87,44,81.19,job
584,7.67,7.78,6.4,5.04,6.72,1,1,48,85.05,medium,10,no,85,47,67,97,90.01,higher study
585,7.04,7.45,8.14,8.98,7.9,0,0,63.3,70.74,low,11,no,46,95,64,75,71.11,higher study
586,7.74,9.12,7.31,6.26,7.61,1,1,92.3,77.83,medium,12,yes,65,68,37,43,62.04,higher study
587,6.42,7.87,5.09,8.59,6.99,0,0,56.14,54.95,high,6,no,99,88,47,52,79.57,higher study
588,7.33,6.03,6.88,7.17,6.85,0,0,58.1,60.43,low,3,no,91,78,48,37,93.34,none
589,7.88,6.58,6.15,5.21,6.46,0,0,90.65,48.5,medium,5,no,72,54,93,36,70.06,job
590,7.47,7.47,7.46,7.57,7.49,0,0,67.53,98.61,medium,11,yes,60,86,53,47,88.68,job
591,7.21,8.85,5.87,3.99,6.48,0,0,68.88,66.3,high,1,yes,87,87,53,43,76.31,job
592,8.98,7.15,7.07,8.74,7.99,1,1,90.68,99.74,medium,11,no,76,76,82,39,62.39,job
593,8.64,7.27,6.75,8.92,7.9,0,0,65.87,65.82,medium,1,no,85,39,51,64,72.16,job
594,7.87,8.14,5.99,6.79,7.2,0,0,78.67,47.73,low,2,yes,47,88,57,64,72.56,none
595,5.44,7.81,8.08,6.64,6.99,0,0,38.75,67,high,9,yes,41,77,60,81,96.19,none
596,7.71,6.9,8.31,6.24,7.29,0,2,44.98,35.66,high,6,yes,68,37,66,42,99.27,job
597,7.86,7.23,6.73,7.69,7.38,0,0,60.1,93.62,low,2,no,51,96,97,59,68.39,job
598,6.6,6.65,6.15,6.04,6.36,0,0,66.16,87.84,low,11,yes,88,91,58,35,77.22,higher study
599,7.19,8.9,8.55,7.24,7.97,0,0,97.7,81.63,low,2,yes,85,87,51,37,99.07,job
600,6.12,6.39,6.03,6.22,6.19,0,0,98.03,73.86,medium,12,yes,82,71,78,39,76.29,none
601,7.43,7.12,8.81,7.22,7.64,0,0,90.03,71.85,high,13,yes,41,93,53,63,73.97,higher study
602,7.63,6.08,7.88,6.12,6.93,0,0,54.15,99.78,high,3,no,70,85,68,88,64.4,none
603,6.68,5.04,4.44,8.51,6.17,0,0,97.59,51.63,high,14,yes,99,62,39,61,90.13,higher study
604,8.89,6.67,6.97,6.63,7.29,4,4,79.19,85.24,medium,9,no,74,73,42,94,77.88,higher study
605,8.73,8.34,6.74,5.55,7.34,0,0,59.33,71.96,high,5,yes,60,41,85,88,85.55,job
606,8.17,4.71,6.03,6.98,6.47,0,0,80.02,98.38,high,0,no,53,68,61,69,80.39,none
607,7.6,3.73,6.71,8.61,6.66,0,0,34.12,88.46,high,5,no,71,49,52,38,66.98,none
608,8.61,6.6,6.41,5.78,6.85,5,5,42.8,99.9,high,7,no,45,51,96,62,67.05,job
609,6.39,9.11,7.84,5.53,7.22,0,3,88.59,72.42,low,11,no,75,92,40,45,97.59,higher study
610,8.37,6.24,5,4.26,5.97,0,0,76.26,46.71,medium,14,yes,83,67,70,55,95.58,higher study
611,6.37,7.42,6.5,8.24,7.13,0,2,57.41,66.75,high,14,no,64,37,69,92,84.43,none
612,8.38,6.03,5.64,6.66,6.68,0,0,66.55,80.65,high,7,no,98,98,50,72,60.05,job
613,6.83,6.25,9.72,6.22,7.26,0,0,93.65,84.88,high,5,no,86,94,70,35,77.33,job
614,8.63,8.42,7.59,8.15,8.2,0,0,75.32,33.04,high,5,no,73,79,93,47,81.22,none
615,4.09,8.31,7.77,4.97,6.28,0,0,59.68,66.84,high,12,no,72,54,82,43,77.98,higher study
616,4.36,8.75,9.99,7.17,7.57,0,0,41.07,48.77,low,2,yes,43,71,89,81,97.02,higher study
617,8.83,5.42,9.13,8.3,7.92,0,0,52.69,91.62,low,13,no,62,93,67,97,61.63,job
618,6.45,5.37,6.89,7.34,6.51,0,2,98.55,43.25,medium,1,no,73,69,63,36,86.2,higher study
619,3.58,8.56,6.11,7.04,6.32,0,0,62.31,77.66,medium,6,no,63,39,60,93,72.55,higher study
620,7.39,4.28,6.11,7.35,6.28,3,3,64.62,50.83,high,7,no,35,72,84,54,82.38,higher study
621,8.94,4.27,9.05,8.25,7.63,0,0,66.41,56.89,high,9,no,61,62,42,52,86.24,none
622,7.45,8.05,6.08,5.79,6.84,1,1,92.24,96.02,low,12,yes,80,60,53,53,77.63,job
623,8.59,6.16,8.22,4.3,6.82,0,0,73.47,49.12,medium,13,yes,65,42,80,91,65.93,none
624,7.77,8.35,3.79,8.71,7.15,2,2,79.48,39.37,high,5,yes,65,57,52,75,80.76,none
625,7.13,5.59,6.95,6.15,6.46,0,3,59.1,37.65,high,4,no,60,96,45,43,97.32,higher study
626,6.86,8.54,8.39,7.57,7.84,0,0,34.96,66.81,high,3,no,87,52,38,56,81.44,job
627,6.61,8.4,7.3,6.1,7.1,0,0,95.38,76,medium,0,yes,89,63,58,45,64.92,higher study
628,8.29,7.53,5.22,5.55,6.65,0,0,96.59,54.94,low,8,no,64,91,64,42,92.97,job
629,7.16,6.7,7.36,7.41,7.16,0,4,96.59,79.25,low,10,yes,57,73,79,62,68.87,higher study
630,7.53,8.54,7.54,8.66,8.07,0,0,96.23,37.1,high,9,no,68,65,67,53,74.81,job
631,7.48,8.18,8.14,7.08,7.72,0,2,87.62,90.44,high,3,no,63,98,74,98,77.15,job
632,5.9,8.94,6.82,8.8,7.62,0,0,78.87,87.71,high,1,no,88,67,71,36,73.59,higher study
633,7.73,3.68,6.36,7.89,6.42,0,0,89.58,99.03,high,3,yes,97,64,79,41,76.18,higher study
634,8.6,5.7,7.67,8.8,7.69,0,0,73.24,95.75,high,12,yes,66,92,60,72,91.82,none
635,8.94,6.47,6.98,8.27,7.66,0,0,42.01,56.87,medium,10,yes,79,59,76,97,68.93,none
636,7.22,9.41,4.52,6.31,6.86,0,0,59.22,59.76,low,4,yes,66,55,78,64,78.82,job
637,8.48,6.68,4.02,6.69,6.47,1,1,98.08,82.98,medium,1,yes,97,67,51,55,60.8,higher study
638,8.29,6.64,7.33,3.52,6.44,0,0,56.53,41.99,medium,6,yes,63,46,65,38,80.31,higher study
639,7.72,8.38,7.94,7.18,7.81,0,0,91.15,54.05,high,2,no,62,88,35,91,64.47,none
640,8.87,4.14,7.48,6.51,6.75,1,1,39.25,40.95,medium,13,yes,95,41,74,96,71.29,higher study
641,6.6,4.98,4.51,7.48,5.89,0,1,55.4,63.48,low,14,yes,63,95,53,94,72.99,job
642,6.33,6.56,7.86,7.41,7.04,0,0,56.52,69.99,high,7,yes,45,55,91,85,63.29,job
643,8.56,5.84,7.63,8.87,7.72,1,1,36.47,47.16,low,3,yes,100,89,71,66,74.42,job
644,7.32,6.2,8.22,9.42,7.79,0,0,40.99,34.79,medium,11,no,48,54,34,55,79.92,none
645,8.54,9,8.12,7.3,8.24,0,0,45.95,81.2,high,10,yes,43,82,87,84,77.24,job
646,5.17,6.07,7.6,8.36,6.8,4,4,89.14,34.35,low,4,yes,94,39,47,44,71.22,none
647,8.68,8.51,8.04,8.83,8.51,3,3,37.26,98.22,low,2,yes,56,68,58,91,71.79,none
648,6.19,7.1,8.62,8.63,7.64,0,0,53.02,47.86,high,12,yes,44,60,42,83,85.34,job
649,8.65,5.2,7.3,6.63,6.94,0,0,33.69,77.48,low,10,no,49,73,94,50,88.74,none
650,7.34,8.52,7.24,3.51,6.65,0,0,79.61,62.13,high,4,no,82,47,85,79,83.06,none
651,7.53,7.66,8.29,7.49,7.74,0,0,74.56,37.01,high,8,no,47,85,41,77,99.05,job
652,7.88,8.7,7.75,7.04,7.84,0,0,76.22,64.64,medium,10,yes,39,73,49,90,97.79,job
653,8.78,8.78,6.21,7.2,7.74,0,3,58.09,67.63,low,12,yes,75,76,41,38,63.94,none
654,6.06,4.54,8.68,7.08,6.59,3,3,46.96,90.27,high,13,yes,50,91,56,72,70.45,none
655,7.43,6.03,6.09,8.48,7.01,1,1,81.26,82.07,medium,1,no,75,36,67,91,94.74,higher study
656,8.06,6.23,8.25,7.36,7.48,0,0,87.35,38.32,medium,6,no,43,48,51,42,61.19,job
657,8.17,5.22,8.28,7.57,7.31,0,0,42.29,47.02,high,14,yes,79,78,77,56,83.69,higher study
658,8.08,6.75,8.86,8.95,8.16,0,0,65.62,53.9,high,14,yes,82,44,48,80,98.18,none
659,6.4,8.01,6.16,6.18,6.69,0,0,49.67,40.81,low,9,yes,42,72,48,69,87.15,higher study
660,6.9,8.66,3.69,7.46,6.68,0,4,44.27,63.62,low,7,no,72,52,56,64,63.68,none
661,7.08,7.38,7.79,8.32,7.64,0,0,82.2,98.95,low,2,yes,35,53,98,56,89.91,higher study
662,9.18,7.82,7.28,6.45,7.68,0,3,69.06,67.48,high,10,no,85,89,65,89,75.06,none
663,8.41,6.57,6.99,7.83,7.45,1,1,47.49,82.71,medium,3,no,44,37,65,79,96.86,none
664,6.84,4.36,6.27,6.72,6.05,0,0,53.78,78.76,medium,12,no,70,42,66,91,71.45,none
665,6.63,4.19,7.69,8.6,6.78,0,0,97.77,89.95,high,10,no,55,58,76,69,78.93,job
666,8.87,8.41,7.44,6.98,7.93,0,0,89.86,47.46,low,9,yes,85,80,46,93,89.86,none
667,6.03,8.9,6.31,5.4,6.66,0,0,91.96,83.51,medium,1,no,38,82,42,47,70.3,job
668,8.99,5.99,7.84,6.99,7.45,2,7,63.83,92.05,medium,14,yes,35,60,95,58,67.27,none
669,8.03,6.81,8.21,7.79,7.71,0,4,74.8,44.5,low,9,no,38,61,90,77,60.11,higher study
670,8.49,7.48,5.24,6.55,6.94,0,4,58.25,56.24,medium,12,yes,65,95,81,79,79.52,none
671,6.88,6.26,4.13,6.85,6.03,0,0,38.22,98,low,8,no,52,49,76,46,97.14,none
672,5.83,5.38,8.3,7.25,6.69,0,5,59.88,85.31,medium,2,no,37,79,100,95,71.26,higher study
673,6.04,7.68,8.72,7.06,7.37,5,5,72.8,51.94,medium,14,no,79,79,65,52,61.74,none
674,8.21,7.51,7.23,7.57,7.63,0,1,52.25,70.79,medium,8,yes,59,73,93,45,84.82,none
675,8.5,6.43,8.86,7.8,7.9,0,0,89.81,60.1,low,12,no,83,67,34,81,62.25,none
676,9.62,5.11,8.6,7.7,7.76,0,0,43.13,65.83,medium,6,no,59,43,90,66,80.28,higher study
677,8.22,7.33,6.89,7.96,7.6,0,4,57.6,56.8,medium,5,no,65,34,94,70,75.26,none
678,6.43,9.65,6.48,6.92,7.37,0,3,41.38,51.72,medium,10,no,77,99,41,39,79.02,job
679,9.22,7,7.31,6.38,7.48,0,0,60.13,78.21,high,11,yes,59,50,40,76,66.51,job
680,4.16,7.57,7.21,8.28,6.8,0,0,35.67,85.16,medium,10,yes,94,80,70,83,63.61,job
681,5.03,7.76,7.73,8.55,7.27,3,3,51.27,91.56,medium,2,yes,84,57,75,79,89.96,job
682,8.26,6.03,4.28,6.77,6.34,0,0,59.86,43.42,low,10,yes,92,83,65,61,69.83,higher study
683,8.31,4.39,7.75,7.22,6.92,0,0,65.04,88.13,low,6,no,71,62,50,100,92.02,none
684,7.98,8.28,8.25,7.5,8,2,2,69.43,50.08,high,14,no,59,46,61,44,90.34,job
685,5.2,8.14,7.53,7.6,7.12,0,0,51.43,61.64,low,10,no,78,97,81,53,67.94,none
686,8.3,7.1,6.31,5.4,6.78,0,0,68.05,93.4,low,13,yes,64,61,87,63,96.33,none
687,8.54,6.16,8.57,7.98,7.81,0,0,67.11,63.46,low,2,no,78,38,75,69,66.45,higher study
688,7.84,8.26,6.93,6.12,7.29,0,0,54.19,46.21,high,12,yes,64,42,69,69,91.89,none
689,6.27,8.87,8.91,8.16,8.05,0,0,88.63,43.72,high,10,yes,94,47,99,91,76.82,job
690,7.46,9.71,6.35,6.19,7.43,0,0,69.56,64.7,medium,5,yes,81,43,64,61,67.32,job
691,6.23,6.72,8.87,7.4,7.3,0,0,55.27,84.1,medium,7,no,78,66,98,72,97.52,higher study
692,7.22,6.97,6.27,8.48,7.24,0,0,96.47,99.81,low,4,no,93,73,36,99,98.53,job
693,7.22,6.55,6.69,7.35,6.95,0,0,89.62,85.76,medium,10,no,94,39,46,76,80.45,job
694,6.2,7.73,6.14,5.47,6.38,0,0,98.83,91.76,medium,10,yes,85,50,64,38,78.77,higher study
695,7.05,6.46,8.12,6.45,7.02,0,0,79.38,83.11,high,12,no,85,69,62,46,96.03,higher study
696,6.33,3.62,8.55,8.96,6.86,0,0,58.35,93,high,2,no,95,94,90,42,83.85,job
697,8.42,7.07,9.69,8.67,8.46,0,1,51.82,38.12,medium,5,yes,59,82,66,90,70.64,higher study
698,8.84,8.09,7.3,5.83,7.52,0,0,77.45,95.31,medium,14,no,100,57,86,60,77.01,higher study
699,6.22,7.68,8.79,3.79,6.62,0,0,98.71,59.57,medium,7,no,82,84,43,94,93.44,job
700,8.87,9.18,7.77,8.31,8.53,0,0,74.99,94.75,low,9,yes,77,75,96,83,94.38,job
701,7.57,7.16,3.8,7.23,6.44,1,1,92.07,38.08,high,2,yes,69,52,98,67,97.57,higher study
702,6.9,7.26,5.66,6.55,6.59,0,0,55.06,80.92,medium,11,no,86,95,35,98,71.53,none
703,6.23,7.69,7.89,8.82,7.66,0,0,60.27,82.29,medium,12,yes,77,100,35,78,87.2,none
704,7.5,6.02,8.54,7.6,7.41,0,0,93.72,99.79,low,13,no,55,63,70,67,62.74,job
705,8.38,6.24,6.89,8.56,7.52,0,0,83.71,84.52,high,10,no,35,71,35,41,89.04,job
706,9.31,8.64,7.06,4.08,7.27,0,0,98.75,58.64,low,10,yes,40,39,94,81,82.53,none
707,8.12,6.23,8.72,7.03,7.52,2,2,84.91,70.34,low,4,yes,49,55,73,69,69.99,higher study
708,4.29,8.12,8.7,7.01,7.03,4,4,63.06,57.57,medium,8,yes,77,44,96,99,86.19,none
709,6.15,3.58,8.93,8.96,6.9,0,4,68.59,46.14,low,13,yes,98,62,58,44,65.41,none
710,6.22,8.76,8.71,7.57,7.82,0,0,93.34,49.66,low,13,no,94,41,71,85,73.35,job
711,7.21,6.81,4.73,6.42,6.29,0,0,69.96,47.88,medium,9,yes,63,68,70,69,76.04,higher study
712,6.89,7.11,6.38,6.66,6.76,0,0,50.12,69.78,high,14,yes,75,78,60,64,91.09,none
713,6.7,7.71,8.47,7.45,7.58,0,4,62.19,93.71,medium,14,yes,58,66,83,57,72.35,higher study
714,6.84,8.65,7.23,6.13,7.21,2,2,67.6,94.15,high,9,yes,90,38,67,54,61.96,job
715,8.41,8.83,4.93,7.39,7.39,3,3,39.49,36.68,low,2,no,65,95,77,63,67.23,none
716,5.62,8.22,4.92,7.26,6.5,2,2,82.83,38.36,low,12,yes,83,70,37,97,84.32,job
717,5.87,6.26,8.97,8.34,7.36,0,0,40.34,49.43,medium,11,yes,43,50,85,72,60.61,none
718,9.55,9.08,7.42,7.06,8.28,0,0,60.14,50.1,medium,10,no,55,55,88,34,91.69,higher study
719,8.79,8.01,4.53,8.95,7.57,0,0,86.91,39.37,medium,1,yes,74,65,45,75,96.04,job
720,7.22,4.89,7.66,6.54,6.58,0,2,64.33,59.03,low,10,no,80,47,47,38,79.82,higher study
721,5.71,7.23,7.59,7.77,7.08,0,2,89.42,72.38,low,12,no,47,53,68,45,88.31,none
722,8.72,7.41,6.97,6.27,7.34,0,0,55.91,71.74,high,13,no,36,55,39,62,78.51,job
723,6.96,6.15,6.23,5.76,6.28,0,5,97.16,69.41,medium,7,no,86,63,80,36,72.35,higher study
724,7.43,6.57,8.69,3.94,6.66,0,0,47.04,55.7,low,13,yes,49,87,56,94,66.59,higher study
725,6.68,8.37,3.98,8.2,6.81,0,0,35.57,80.34,high,13,no,94,66,98,84,80.73,none
726,5.35,7.36,8.41,5.21,6.58,1,1,91.45,88.38,medium,13,yes,61,38,92,69,97.2,job
727,7.92,5.41,6.42,4.83,6.14,0,0,83.4,56.21,medium,6,no,68,51,42,35,95.6,higher study
728,8.94,4.84,8.33,3.71,6.46,0,0,48.55,38.74,high,11,no,35,96,91,62,96.79,job
729,7.81,6.9,7.88,8.98,7.89,0,0,98.98,52.86,high,8,yes,94,79,81,74,98.66,job
730,7.07,7.15,7.23,8.46,7.48,0,0,66.66,42.21,high,14,yes,89,40,96,62,66.61,job
731,7.94,8.56,6.76,7.67,7.73,0,0,96.72,64.32,low,3,no,88,62,42,97,65.86,job
732,4.19,8.25,8.58,7.45,7.12,0,1,66.84,43.46,medium,2,yes,51,90,77,91,77.11,none
733,6.37,6.82,8.1,8.51,7.45,0,0,64.62,64.02,medium,9,no,82,80,79,43,87.57,higher study
734,8.67,5.6,7.64,8.81,7.68,0,2,63.1,47.81,high,4,yes,75,42,48,44,77.59,job
735,7.51,6.35,7.83,8.97,7.66,1,1,55.44,82.5,low,10,no,40,92,86,40,95.69,higher study
736,4.2,6.76,9.83,7.19,7,2,3,68.76,34.86,high,0,yes,37,76,81,94,88.7,higher study
737,7.35,8.76,6.27,8.97,7.84,0,0,63.33,70.17,low,4,yes,76,92,75,99,85.36,higher study
738,5.91,7.74,7.42,6.47,6.88,0,0,35.47,44.36,medium,12,no,92,39,50,86,62.84,none
739,7.76,7.6,6.58,4.21,6.54,1,3,50.46,33.08,medium,12,no,82,86,68,98,67.01,job
740,7.87,7.79,6.63,6.76,7.26,0,0,47.29,91.24,low,2,no,93,97,64,60,77.13,job
741,6.22,7.1,7.98,6.27,6.89,0,0,91.12,78,medium,0,yes,39,37,37,40,99.05,higher study
742,8.05,8.42,8.73,6.82,8,2,2,73.13,39.64,medium,2,yes,53,34,81,98,73.38,higher study
743,6.73,7.57,7.21,8.3,7.45,0,0,84.17,77.5,high,4,no,64,64,47,91,85.2,none
744,8.14,9.94,6.62,8.56,8.32,2,7,97.11,73.98,low,4,yes,55,98,58,58,99.56,none
745,8.47,6.35,7.95,4.8,6.89,0,0,76.15,64.72,medium,14,no,65,52,79,81,70.56,higher study
746,3.53,6.39,8.61,8.34,6.72,0,1,98.84,61.1,medium,9,yes,80,82,81,37,66.67,job
747,8.41,7.61,8.24,7.89,8.04,1,1,53.9,92.43,low,11,yes,67,64,73,41,81.85,none
748,7.66,8.81,8.61,7.54,8.15,0,0,45.49,49.43,medium,7,yes,60,93,83,93,82.08,job
749,5.29,6.93,7.61,8.13,6.99,0,0,60.03,59.69,low,10,no,77,88,40,37,96.88,none
750,7.56,3.58,8.26,7.17,6.64,0,0,64.55,55.06,low,0,yes,63,71,93,41,61.06,job
751,6.43,8.61,6.42,8.52,7.5,1,1,92.99,84.67,high,6,yes,66,66,68,49,76.3,higher study
752,5.27,8.29,7.04,8.03,7.16,0,0,70.52,94.4,low,4,yes,60,39,96,52,72.49,none
753,8.33,6.74,7.17,8.09,7.58,0,0,52.58,89.94,high,2,yes,89,46,53,34,82.84,higher study
754,6.81,6.11,7.53,7.61,7.02,0,0,82.76,86.45,medium,3,no,56,53,49,67,60.37,none
755,7.49,4.42,9.85,8.66,7.6,0,0,66.9,99.12,low,2,yes,76,70,55,78,88.44,higher study
756,6.85,4.09,5.36,5.63,5.48,0,0,43.87,79.71,high,7,yes,87,78,69,96,79.4,none
757,6.4,6.31,8.79,6.76,7.06,0,0,71.65,83.32,low,3,yes,86,92,52,39,88.03,none
758,7.89,8.19,8.62,5.27,7.49,2,2,94.06,98.85,medium,2,yes,73,85,35,69,77.91,none
759,5.06,6.6,6.4,7.14,6.3,0,0,89.46,33.48,high,1,no,93,51,40,99,78.97,job
760,6.16,9.26,6.52,8.33,7.57,0,0,72.32,75.48,high,2,yes,42,58,80,41,95.82,job
761,8.25,7.11,7.07,7.48,7.48,0,0,58.27,82.51,high,6,yes,43,34,82,100,68.44,none
762,6.95,9.85,6.87,8.67,8.09,2,2,38.84,94.5,medium,5,yes,43,74,76,60,68.7,higher study
763,6,7.51,7.84,7.04,7.1,0,0,64.47,92.22,high,9,yes,63,51,65,67,82.38,higher study
764,7.53,8.18,3.82,7.11,6.66,0,0,83.39,89.41,medium,11,no,43,34,50,61,86.41,none
765,6.14,6.34,8.71,8.67,7.46,1,2,57.14,96.37,medium,12,yes,91,72,47,64,74.19,job
766,6.83,9.86,3.76,7.39,6.96,0,0,48.78,69.01,low,4,yes,69,64,65,50,80.78,job
767,8.12,4.62,8.89,7.55,7.3,0,0,95.4,33.47,medium,7,no,77,71,93,88,69.11,job
768,5.98,7.22,7.96,5.05,6.55,0,0,88.05,33.75,high,10,yes,90,41,93,42,65.44,job
769,6.19,7.46,8.51,7,7.29,0,0,75.77,69.5,high,0,no,76,67,85,90,69.53,higher study
770,4.28,7.62,7.58,6.83,6.58,0,0,42.17,62.17,medium,2,yes,56,60,99,78,96.65,none
771,8.52,8.46,6.62,7.97,7.89,1,1,42.72,63.24,medium,1,yes,37,74,37,39,92.07,none
772,4.35,6.52,7.57,6.36,6.2,2,2,39.92,59.83,low,1,yes,45,40,96,47,65.61,none
773,6.01,8.42,7.67,8.64,7.68,0,0,74.3,94.49,low,11,yes,82,65,66,64,61.86,higher study
774,6.74,3.68,8.23,8.34,6.75,0,0,40.75,57.07,high,10,yes,57,49,34,87,63.73,job
775,8.22,8.08,5.28,6.57,7.04,0,0,89.46,90.37,medium,11,yes,46,35,97,44,71.74,job
776,6.95,5.89,6.66,8.08,6.9,0,0,99.53,93.49,high,0,yes,67,76,70,35,92.45,higher study
777,6.31,7.67,9.68,7.81,7.87,0,0,57.55,66.47,medium,4,yes,42,64,40,50,72.85,higher study
778,7.08,8.1,7.1,4.74,6.76,2,2,63.4,62.95,high,4,yes,43,80,57,69,67.43,none
779,6.81,7.24,7.09,6.55,6.92,0,0,80.68,83.99,high,2,yes,98,66,88,36,75.83,none
780,8.53,6.42,8.88,6.82,7.66,0,0,95.79,80.44,high,11,yes,87,50,36,96,64.96,higher study
781,6.94,8,7.33,7.23,7.38,0,0,92.91,55.02,medium,11,yes,76,87,56,76,78.81,higher study
782,8.37,7.57,4.02,4.25,6.05,0,0,36.87,39.88,low,8,no,92,87,69,66,87.02,higher study
783,8.68,7.92,8.27,8.1,8.24,0,0,44.34,50.75,low,11,yes,92,84,90,62,74.75,job
784,7.3,7.01,8.25,7.92,7.62,0,0,83.56,41.79,medium,5,no,100,85,81,56,66.94,none
785,8.73,8.72,6.8,7.6,7.96,0,1,79.16,52.75,low,13,no,94,40,46,92,78.13,higher study
786,3.7,7.76,7.72,8.31,6.87,0,0,41.93,50.55,high,9,yes,71,87,94,82,90.5,higher study
787,7.13,4.06,8.68,8.27,7.03,0,0,66.64,75.73,medium,13,no,41,44,57,88,63.06,job
788,8.89,5.81,7.43,9.01,7.78,0,3,85.32,96.95,medium,5,yes,98,95,76,61,62.84,higher study
789,6.27,6.26,8.84,7.85,7.3,1,6,47.67,78.95,low,9,yes,38,63,66,58,72.72,none
790,4.61,7.35,6.64,8.36,6.74,3,3,91.38,95.09,low,5,no,76,90,57,40,76.6,job
791,8.06,8.27,4.27,7,6.9,0,0,36.56,85.54,high,13,no,93,79,55,67,68.66,higher study
792,7.48,9.77,6.22,8.64,8.03,0,0,85.41,81.77,medium,1,no,59,99,85,55,61.08,none
793,7.16,8.38,8.67,7.84,8.01,4,4,74.26,60.75,low,10,yes,44,88,39,100,68.78,none
794,7.9,7.48,8.54,9.88,8.45,0,4,54.13,54.77,medium,14,no,67,91,52,83,77.41,job
795,8.11,8.68,8.98,8.47,8.56,0,0,81.31,89.7,high,9,no,35,43,62,81,63.18,none
796,4.15,6.8,8.04,9.15,7.04,0,0,85.42,93.66,high,9,no,54,37,97,90,88.64,job
797,4.36,7.23,8.81,3.8,6.05,0,0,95.57,63.28,high,7,yes,59,95,47,58,82.08,none
798,6.01,8.7,8.48,7.64,7.71,0,1,57.65,33.62,medium,5,yes,38,76,63,99,77.38,higher study
799,6.5,8.69,8.53,6.66,7.6,0,1,78.97,86.1,medium,12,no,42,75,54,49,80.75,job
800,5.59,8.06,7.71,7.63,7.25,2,6,73.38,52.11,medium,14,no,83,57,98,91,86.23,none
801,8.14,8.58,7.15,7.11,7.74,0,0,68.19,33.67,medium,13,no,43,38,37,74,99.79,job
802,8,6.27,8.8,8.09,7.79,0,0,92.66,86.94,medium,2,no,91,78,79,84,91,none
803,8.9,4.56,7.3,7.43,7.05,1,1,33.22,67.67,high,9,no,43,92,41,54,81.61,job
804,8.28,8.59,9.95,8.51,8.83,0,0,51.91,78.91,high,8,no,69,98,51,89,90.82,higher study
805,8.85,5.96,7.62,4.52,6.74,2,2,69.07,94.29,high,1,no,89,96,93,80,79.01,job
806,8.11,6.96,4.69,3.57,5.83,4,4,44.95,69.26,low,6,yes,95,100,78,76,72.44,job
807,5.84,6.53,7.34,8.03,6.94,0,5,93.83,66.72,high,2,no,70,82,64,64,70.48,higher study
808,3.96,9.17,7.69,8.05,7.22,3,3,76.39,52.48,medium,14,no,74,65,61,48,75.98,none
809,6.89,6.72,7.41,6.65,6.92,0,0,65.02,53.45,high,11,yes,81,83,97,81,60.09,higher study
810,6.32,4.89,6.14,8.95,6.58,0,0,87.59,86.37,low,14,no,55,91,70,95,67.08,job
811,9.42,7.25,8.65,8.53,8.46,0,0,63.21,63.09,low,5,yes,94,85,100,36,65.06,higher study
812,4.43,5.83,7.33,8.37,6.49,0,3,70.43,43.96,low,4,no,81,56,68,71,98.41,higher study
813,8.35,6.75,4.62,6.99,6.68,2,2,33.19,39.34,low,12,yes,97,63,69,91,62.59,job
814,5.82,6.96,7.77,7.61,7.04,0,0,57.51,64.69,low,5,no,70,63,90,100,80.04,job
815,3.65,6.4,6.42,6.41,5.72,0,0,42.31,64.16,medium,7,no,74,70,37,78,96.79,higher study
816,7.93,3.51,6.01,7.62,6.27,0,0,79.21,76.79,high,13,yes,38,81,82,77,84.3,job
817,6.14,5.37,6.74,6.44,6.17,0,0,65.1,64.57,medium,2,yes,85,65,72,41,79.81,none
818,7.08,5.76,8.11,9.86,7.7,0,0,53.22,42.62,medium,1,yes,50,68,51,99,89.72,none
819,8.87,3.85,6.3,7.66,6.67,0,0,64.35,67.03,low,7,no,95,65,93,94,74.14,none
820,7.5,6.89,8.73,7.95,7.77,1,1,47.05,93.76,high,0,no,85,92,43,50,67.75,none
821,3.73,7.72,6.65,7.17,6.32,0,3,94.98,43.69,high,1,no,53,68,56,69,93.89,higher study
822,7.3,7.33,9.51,7.5,7.91,0,0,36.63,79.22,high,9,no,49,49,92,54,62.26,higher study
823,7.37,7.04,6.61,8.63,7.41,0,0,90.98,72.79,low,0,no,40,85,40,79,92.31,higher study
824,6.63,8.24,6.54,6.33,6.94,0,1,67.27,83.16,medium,4,yes,99,99,46,79,64.13,job
825,7.11,8.68,5.27,4.03,6.27,0,0,74.47,43.1,high,7,no,45,39,36,49,85.02,higher study
826,3.91,8.27,6.04,8.38,6.65,0,0,53.28,96.09,medium,1,yes,76,47,73,55,79.08,higher study
827,7.11,7,8.32,6.51,7.24,0,0,97.77,74.61,high,3,yes,73,62,44,39,99.94,job
828,6.16,8.23,8.63,6.11,7.28,0,0,51.89,89.76,high,3,no,34,59,84,89,75.52,job
829,8.3,6.46,7.84,6.56,7.29,0,1,72.46,49.53,high,10,no,91,51,56,78,98.29,job
830,7.25,6.39,6.56,8.3,7.12,0,0,99.56,82.54,high,10,yes,36,37,65,91,76.15,none
831,8.47,7.04,6.86,7.22,7.4,0,1,92.03,85.33,low,6,no,41,90,74,61,87.27,higher study
832,8.55,8.42,7.43,8.62,8.25,0,0,68.94,59.63,low,0,yes,94,86,75,50,85.75,higher study
833,6.64,6.74,8.86,7.57,7.45,0,0,99.36,58.73,medium,8,no,38,58,71,69,63.46,higher study
834,7.97,6.19,6.74,6.07,6.74,1,2,79.99,77.08,low,2,yes,59,80,100,45,89.73,job
835,7.42,6.4,5.06,8.15,6.76,0,0,46.99,39.27,high,5,no,50,85,75,83,68.35,higher study
836,8.64,8.58,8.19,6.33,7.93,0,2,60.18,82.29,medium,9,no,99,67,76,92,75.54,none
837,4.99,7.9,7.32,4.58,6.2,0,0,55.42,35.88,medium,13,no,84,49,66,45,91.29,higher study
838,6.65,6.76,6.89,8.37,7.17,0,0,56.06,45.78,medium,4,yes,80,69,70,95,97.77,higher study
839,8.03,7.67,5.11,6.5,6.83,0,3,83.95,77.5,high,3,no,73,61,90,73,82.39,job
840,7.82,7.58,7.37,7.04,7.45,1,1,72.15,39.6,high,8,yes,60,98,97,35,80.78,none
841,6.89,9.82,6.21,4.55,6.87,2,5,35.56,98.11,medium,10,no,73,86,97,58,80.2,higher study
842,6.41,9.77,5.29,8.28,7.44,1,4,91.79,91.18,low,11,no,34,75,93,64,92.66,job
843,7.95,7.97,8.4,8.86,8.3,1,2,52.89,74.97,high,13,yes,79,52,85,80,99.72,none
844,9.16,6.7,4.23,7.11,6.8,0,0,99.8,87.88,high,8,yes,44,77,60,93,85.34,none
845,8.22,8.59,6.73,8.49,8.01,0,0,96.93,92.47,low,0,yes,72,63,92,74,75.14,job
846,6.95,6.93,8.18,6.57,7.16,0,1,96.02,50.39,medium,6,no,51,77,52,83,68.75,job
847,7.93,3.74,4.31,3.61,4.9,1,1,87.35,89.91,low,9,no,80,60,36,56,67.95,job
848,9.17,8.08,6.21,4.97,7.11,0,0,47.79,46.06,high,8,no,54,67,72,45,94.25,job
849,7.19,6.05,8.87,8.42,7.63,0,5,68.69,60.7,medium,4,no,61,57,99,55,99.69,job
850,8.14,7.12,6.58,7.97,7.45,0,0,48.04,70.41,medium,0,no,34,89,89,89,87.92,job
851,6.6,9.6,4.59,6.58,6.84,2,6,50.41,80.83,low,7,no,47,40,39,49,98.23,higher study
852,8.67,7.06,8.65,6.91,7.82,0,0,73.94,35.03,high,4,no,53,84,61,91,74,job
853,6.86,7.63,8.43,4.87,6.95,0,0,35.75,52.47,high,5,yes,78,41,81,84,85.1,job
854,3.88,6.22,8.9,6.4,6.35,3,3,97.95,73.77,medium,6,no,94,89,81,39,80.47,none
855,7.1,8.37,7.43,7.15,7.51,0,0,94.55,56.95,high,9,yes,60,91,100,35,79.28,none
856,6.17,6.65,8.18,6.61,6.9,5,5,58.52,84.93,medium,6,no,89,41,87,95,85.29,none
857,6.33,8.03,7.11,3.7,6.29,0,0,67.54,76.66,medium,12,yes,85,99,49,75,72.41,job
858,7.55,4.56,6.55,7.93,6.65,0,4,64.24,48.71,medium,13,yes,70,57,68,76,85.62,job
859,6.8,5.83,7.33,8.98,7.24,1,1,92.11,42.79,high,11,yes,64,75,63,85,86.91,higher study
860,8.51,4.86,6.5,6.04,6.48,0,0,79.14,75.15,low,6,no,82,87,81,91,93.44,higher study
861,6.04,8.41,8.95,7.62,7.76,0,0,51.64,63.19,medium,14,yes,86,49,41,53,89.22,higher study
862,7.14,4.82,4.27,9.33,6.39,0,0,62.94,44.33,low,0,yes,72,37,84,89,72.79,higher study
863,7.01,7.69,5.96,7.72,7.1,0,0,61.75,54.87,low,6,yes,43,92,43,100,78.03,job
864,6.06,8.22,6.29,8.74,7.33,0,0,97.28,53.31,low,10,yes,42,79,61,92,64.82,none
865,6.37,7.99,7.77,7.52,7.41,0,0,44.75,40.25,low,2,no,46,46,69,81,70.29,job
866,7.24,7.07,7.88,7.63,7.46,0,0,39.01,69.65,low,4,no,51,70,93,68,80.84,job
867,7.48,8.43,7.61,7.41,7.73,1,1,92,84.17,medium,9,no,45,87,43,41,64.03,job
868,7.21,6.88,7.99,6.81,7.22,0,0,93.08,71.56,high,4,no,38,82,47,65,82.82,job
869,5.92,7.71,6.35,6.17,6.54,0,0,91.41,88.36,low,7,yes,40,91,96,78,75.61,none
870,4.62,3.85,7.67,7.23,5.84,0,0,67.24,41.56,high,6,no,48,52,80,100,61.39,none
871,7.59,8.24,5.54,6.16,6.88,0,0,77.21,62.19,high,6,yes,100,51,89,60,77.38,higher study
872,7.79,7.14,6.86,5.86,6.91,2,2,70.75,73.83,medium,5,no,51,93,39,36,71.25,job
873,6.03,6.91,8.82,7.65,7.35,0,0,37.66,78.3,low,6,yes,71,50,52,90,62.68,higher study
874,7.39,7.38,8.29,6.92,7.49,1,1,72.92,79.62,high,13,yes,59,44,85,98,71.73,none
875,8.89,8.45,3.91,9.37,7.65,0,1,33.92,81.84,high,6,yes,71,48,95,53,71.76,none
876,7.56,8.79,8.92,7.6,8.22,0,2,54.78,76.65,low,14,yes,92,50,82,74,74.2,higher study
877,8.03,7.64,6.11,6.4,7.04,0,0,95.46,39.32,medium,4,no,85,38,44,34,74.66,none
878,6.94,7.98,6.86,8.8,7.64,0,5,53.38,79.59,medium,4,no,66,94,79,37,77.19,none
879,8.32,8.71,6.59,8.68,8.07,0,0,95.97,81.56,low,3,yes,54,37,78,43,63.68,job
880,8.32,3.5,6.03,6.57,6.1,0,0,49.77,99.56,high,13,yes,50,89,91,62,60.21,job
881,7.56,6.3,6.73,7.03,6.9,0,0,54.08,79.46,medium,3,no,95,81,65,48,89.44,none
882,8.93,6.7,8.04,3.75,6.86,1,1,75.11,79.02,medium,4,no,92,81,43,52,73.49,none
883,6.38,5.53,6.69,7.84,6.61,0,0,84.03,67.5,high,9,no,35,68,46,91,84.54,higher study
884,6.05,8.13,7.53,6.29,7,0,0,66.6,91.15,high,8,yes,97,66,46,86,72.28,higher study
885,8.31,8.47,3.51,7.06,6.84,0,0,92.1,99.79,high,13,yes,58,54,69,79,99.37,none
886,8.42,3.72,8.66,6.75,6.89,0,0,35.71,85.2,high,10,yes,74,38,52,51,72.62,job
887,6.36,8.57,8.08,8.75,7.94,4,4,94.79,74.04,low,11,yes,52,97,40,36,84.2,job
888,6.8,7.25,7.18,8.56,7.45,0,0,46.16,38.3,high,5,no,71,54,48,55,68.8,higher study
889,6.05,6.27,7.12,9.04,7.12,0,3,92.25,81.69,medium,7,yes,58,65,79,88,80.71,job
890,6.88,7.31,7.37,7.74,7.32,0,0,59.86,80.48,high,8,no,72,51,81,97,83.17,job
891,8.32,6.69,6.53,7.56,7.28,0,0,88.8,84.97,high,11,yes,37,91,99,74,67.31,higher study
892,4.75,6.87,3.61,8.79,6,0,0,78,41.35,low,13,no,36,57,37,41,64.95,higher study
893,4.12,8.32,9.91,8.8,7.79,0,0,44.8,76.8,low,3,yes,67,38,36,98,98.94,job
894,7.55,6.23,7.9,9.33,7.75,1,1,94.51,52.82,high,11,no,43,86,36,36,95.73,higher study
895,7.04,8.48,7.09,8.91,7.88,0,0,49.46,83.94,low,12,no,60,88,61,62,86.4,none
896,7.12,7.28,8.56,6.38,7.34,0,0,49.36,49.11,low,6,yes,34,38,56,51,94.44,higher study
897,6,7.79,8.27,6.48,7.14,0,0,87.55,78.83,low,4,no,77,74,63,91,63.82,none
898,4.68,6.27,7.83,5.64,6.1,0,0,40.1,52.77,low,3,no,85,40,95,34,89.18,none
899,6.9,7.01,7.09,3.5,6.12,3,3,47.88,33.61,high,11,no,58,34,84,55,71.42,none
900,7.94,5.08,4.11,8.03,6.29,1,1,66.75,75.44,low,6,yes,98,85,74,56,81.58,higher study
901,8.92,6.27,6.63,5.71,6.88,0,0,88.64,40.6,low,2,yes,44,59,97,41,90.59,higher study
902,8.54,8.88,3.79,7.62,7.21,0,0,42.89,77.18,medium,0,yes,48,96,76,62,61.34,higher study
903,6.07,8.42,8.33,6.06,7.22,0,2,69.7,95.02,high,6,yes,90,45,91,77,87.79,none
904,8.7,7.38,7.46,3.55,6.77,0,0,80.66,97.94,low,8,no,97,52,92,95,77.39,higher study
905,8.35,5.79,6.67,5.39,6.55,0,0,90.66,48.81,medium,1,no,44,37,73,52,77.59,job
906,5.15,6.67,6.59,6.19,6.15,4,4,95.68,87.22,low,6,yes,53,38,79,92,96.29,job
907,5.38,9.34,6.5,8.66,7.47,0,0,85.57,56.69,high,9,no,63,87,95,52,94.39,higher study
908,8.34,8.8,8.33,4.4,7.47,0,0,76.74,93.33,medium,1,yes,43,90,82,55,62.3,none
909,7.37,7.03,6.69,8.61,7.42,2,2,62.06,85.76,medium,12,yes,87,85,56,38,84.73,higher study
910,7.19,6.48,9.97,5.35,7.25,0,0,40.52,37.96,high,12,no,91,51,77,38,77.43,job
911,6.91,4.02,7.58,7.07,6.4,3,3,80.56,60.28,medium,2,yes,62,97,77,58,64.71,none
912,6.2,7.69,7.35,9.89,7.78,0,0,99.51,55.61,medium,12,no,34,43,52,57,94.04,higher study
913,6.68,8.83,4.83,9.03,7.34,3,8,82.37,85.61,low,9,yes,91,56,77,34,62.86,higher study
914,6.74,6.01,7.74,8.67,7.29,0,0,34.13,60.5,medium,13,yes,54,85,44,61,61.28,none
915,7.45,6.71,8.63,4.5,6.82,0,0,66.25,78.87,high,11,yes,48,80,93,80,67.9,none
916,8.24,5.16,8.6,7.78,7.44,0,0,74.19,73.37,low,9,no,100,59,71,93,72.14,job
917,7.42,8.82,7.35,8.42,8,0,0,79.21,98.37,medium,2,yes,66,76,36,52,62.44,higher study
918,5.38,6.51,5.64,7.28,6.2,0,0,81.22,95.83,low,11,no,71,96,49,47,85.65,job
919,6.17,6.34,6.05,6.34,6.22,3,3,70.4,61.66,high,12,yes,52,99,42,41,77.49,job
920,8.87,7.71,7.28,7.3,7.79,1,6,47.97,81.48,medium,3,yes,37,96,74,70,76.49,none
921,4.94,9.26,7.82,3.68,6.42,0,0,96.13,88.58,high,5,no,91,46,71,43,65.81,higher study
922,8.83,8.59,7.67,7.37,8.12,0,0,79.68,93.23,high,2,no,45,84,98,100,77.51,job
923,5.76,7.43,7.95,7.65,7.2,0,0,48.88,37.57,medium,12,no,50,38,68,46,75.61,job
924,8.36,3.7,5.34,5.42,5.7,0,0,54.6,53.25,medium,8,no,34,80,68,72,75.35,none
925,8.97,8.98,6.46,6.32,7.68,0,0,94.77,54.46,low,1,no,47,69,81,97,68.74,higher study
926,7.63,8.04,7.94,8.97,8.14,2,2,92.46,62.11,high,6,no,35,69,41,63,63.78,higher study
927,8.89,6.22,6.55,6.73,7.1,0,0,60.15,44.35,medium,5,yes,37,83,60,37,70.43,job
928,6.23,8.98,8.25,6.6,7.52,0,0,35.58,66.25,high,13,no,99,89,42,78,86.69,none
929,7.1,7.22,7.02,7.58,7.23,0,0,36.26,77.44,medium,14,yes,79,52,63,39,62.92,higher study
930,6.68,5.01,9.85,3.68,6.3,0,0,52.03,66.33,high,1,yes,83,53,47,49,75.29,higher study
931,6.59,6.86,8.13,7.61,7.3,0,0,75.15,77.61,low,10,yes,93,55,56,55,80.58,job
932,5.54,7.67,6.14,5.81,6.29,0,2,72.15,37.46,high,2,no,85,64,62,54,98.53,higher study
933,9.42,9.12,7.22,7.32,8.27,0,0,75.47,91.69,medium,5,yes,81,95,59,98,93.75,higher study
934,6.42,6.91,8.12,8.32,7.44,0,0,81.06,95.92,low,9,yes,72,77,48,63,96.66,higher study
935,7.87,6.26,6.68,7.55,7.09,0,0,34.28,74.4,low,3,yes,93,100,100,57,92.8,higher study
936,8.34,6,8.39,7.83,7.64,0,0,40.05,92.05,medium,0,no,63,82,49,97,83.56,job
937,7.73,3.91,7.89,8.17,6.93,0,0,57.09,41.82,low,0,yes,60,92,46,46,94.43,higher study
938,5.39,7.35,4.04,6.08,5.72,0,2,43.38,86.43,high,2,no,88,37,57,59,82.61,higher study
939,6.44,8.51,7.76,7.71,7.6,1,1,38.06,40.99,high,7,yes,59,72,95,53,74.31,none
940,8.43,5.34,7.06,8.65,7.37,0,0,75.95,60.34,medium,10,no,75,40,90,94,74.89,job
941,7.91,7.72,7.45,6.05,7.28,0,0,87.63,54.7,high,3,no,100,82,69,39,82.62,higher study
942,7.16,9,7.79,7.22,7.79,0,0,83.43,72.24,medium,10,yes,100,48,93,76,92.38,none
943,8.02,4.25,4.5,8.78,6.39,0,0,87.74,53.21,low,0,yes,85,40,55,82,65.35,job
944,3.64,6.86,4.77,7.06,5.58,0,3,77.62,75.7,high,7,no,39,80,36,42,61.57,higher study
945,6.78,6.84,7.42,7.38,7.1,0,0,82.27,57.62,medium,9,no,43,78,69,70,91.58,none
946,7.04,4.66,5.53,8.94,6.54,0,5,51.22,90.67,high,5,no,71,52,69,49,85.9,job
947,8.75,6.48,8.09,6.6,7.48,1,1,99.53,75.47,low,0,yes,45,80,43,37,92.85,higher study
948,3.52,6.49,5.6,6.2,5.45,3,3,45.28,47.43,low,11,yes,79,86,54,65,99.07,none
949,4.03,5,7.3,3.63,4.99,0,0,47.38,55.53,high,9,yes,82,60,82,50,70.06,job
950,6.87,3.93,6.61,8.58,6.5,0,0,52.36,89.78,low,9,yes,96,38,42,74,67.77,none
951,7.41,6.86,6.64,8.61,7.38,3,7,98.35,58.9,medium,5,yes,76,93,85,78,73.64,none
952,8.67,8.38,5.77,4.7,6.88,0,0,99.22,68.9,high,0,no,93,95,81,49,95.12,higher study
953,8.12,8.72,6.02,7.42,7.57,0,1,86.26,76.48,high,14,no,62,92,93,53,60.56,none
954,5.16,8.93,6.9,7.54,7.13,4,4,75.15,56.31,low,9,no,44,94,83,75,60.42,higher study
955,6.19,6.7,8.25,8.51,7.41,4,4,67.85,52.7,medium,9,no,68,89,72,43,68.67,higher study
956,6.44,8.64,8.38,8.22,7.92,0,2,98.03,64.85,high,2,no,56,80,49,85,75.04,none
957,6.02,6.98,6.61,9.41,7.26,0,0,79.61,47.4,high,1,no,54,81,61,93,72.09,none
958,7.89,6.34,4.77,5.31,6.08,0,0,96.3,52.05,low,3,yes,70,43,39,81,93,none
959,7.34,8.61,8.88,6.8,7.91,2,2,54.22,37.17,low,1,no,61,65,94,56,87.59,none
960,6.4,7.91,5.24,9.03,7.14,2,3,55.37,53.37,medium,10,yes,91,98,39,66,93.51,job
961,8.87,6.49,7.51,6.05,7.23,0,0,90.27,54.49,medium,12,yes,86,57,99,58,75.35,higher study
962,7.59,7.29,8.75,7.44,7.77,0,0,43.05,97.44,low,4,yes,61,62,73,83,83.83,none
963,6.73,6.86,8.12,4.48,6.55,0,0,96.38,72.52,medium,3,yes,75,40,95,88,80.62,job
964,7.5,8.21,8.17,8.58,8.12,0,0,67.01,85.76,low,5,no,94,50,61,37,78.99,none
965,8.04,7.36,6.26,8.69,7.59,1,1,95.07,36.05,high,13,no,66,58,80,61,71.52,job
966,6.23,8.97,6.66,8.87,7.68,0,0,55.57,40.15,low,14,yes,88,69,42,62,88.37,higher study
967,6.82,9.51,6.03,8.64,7.75,0,0,80.97,87.58,low,6,yes,70,94,85,81,80.96,none
968,8.42,6.16,8.15,7.74,7.62,0,0,65.36,74.78,low,11,no,80,68,48,46,63.14,job
969,7.38,9.59,7.03,7.33,7.83,0,0,75,45.8,high,1,no,69,83,67,76,60.02,job
970,7.64,7.07,8.36,8.32,7.85,0,0,66.8,60.13,medium,1,no,61,89,53,42,60.81,higher study
971,7.3,7.45,7.02,8.22,7.5,0,0,97.8,69.1,medium,7,yes,43,98,93,73,63.04,none
972,4.53,5.35,8.46,4.04,5.6,1,1,79.37,89.52,medium,12,no,56,74,91,79,74.84,none
973,6.13,7.51,6.39,5.4,6.36,0,0,49.85,37.06,low,12,no,38,58,100,91,72.23,higher study
974,6.5,6.95,6.52,7.61,6.9,3,3,93.95,72.98,low,8,yes,39,67,35,89,66.27,higher study
975,7.34,8.19,7.02,9.37,7.98,0,0,52.71,81.04,medium,4,yes,75,41,83,45,80.62,higher study
976,6.63,8.62,7.23,6.26,7.18,0,1,57.9,98.52,high,6,no,80,89,47,58,98.81,job
977,6.15,8.82,7.05,8.78,7.7,0,0,39.85,87.08,high,12,yes,61,63,89,49,66.43,job
978,8.53,8.42,8.29,7.37,8.15,2,2,93.3,51.51,high,11,yes,46,54,77,84,70.02,higher study
979,8.94,8.55,6.29,7.09,7.72,0,0,52.18,80.54,high,8,yes,58,43,79,86,78.48,none
980,8.38,7.65,7.05,7.89,7.74,0,0,50.35,84.14,low,13,yes,40,66,39,85,85.63,job
981,8.56,9.36,8.51,8.02,8.61,0,1,94.66,81.89,medium,0,yes,99,37,41,100,84.01,higher study
982,6.73,8.48,6.2,6.63,7.01,0,0,86.97,87.95,high,7,no,91,56,72,57,80.85,job
983,8.88,6.91,8.83,8.51,8.28,3,3,42.46,93.55,low,9,no,99,86,77,47,89.49,job
984,6.59,4.26,8.96,5.46,6.32,1,1,84.55,39.6,low,9,no,69,38,60,55,93.84,higher study
985,8.85,7.2,6.27,6.87,7.3,0,0,94.17,40.03,low,8,no,35,51,49,64,99.96,none
986,8.98,6.95,6.87,5.81,7.15,0,0,38.27,86.36,medium,8,no,71,50,72,91,78.62,none
987,8.14,7.4,7.12,4.44,6.78,0,1,88.29,49.92,low,9,yes,47,91,34,52,99.8,job
988,8.94,6.86,3.78,6.56,6.54,0,0,69.68,36.93,medium,6,no,60,100,84,86,89.22,none
989,7.71,8.88,4.91,7.22,7.18,2,2,77.84,59.89,medium,11,no,48,89,96,35,86.29,none
990,4.51,6.94,8.33,8.19,6.99,4,4,66.03,87.93,medium,11,yes,45,73,66,86,85.59,higher study
991,6.78,9.48,7.79,4.77,7.2,0,0,79.76,41.49,medium,11,no,76,35,83,100,96.43,higher study
992,7.31,6.29,7.93,8.9,7.61,0,0,35.29,78.02,low,11,no,90,54,87,80,97.92,higher study
993,7.78,7.58,8.27,8.43,8.02,0,1,84.1,33.25,low,9,no,81,85,60,86,67.14,none
994,6.22,6.17,6.35,8.82,6.89,0,0,35.24,40.36,low,14,no,94,57,52,90,79.74,none
995,7.87,6.33,8.5,6.42,7.28,0,0,63.51,56.51,high,2,yes,77,86,61,58,97.66,higher study
996,8.94,5.16,8.12,4.41,6.66,0,0,43.12,38.61,high,12,yes,85,71,56,68,75.28,none
997,5.71,6.66,7.73,6.21,6.58,0,0,88.18,89.68,medium,12,yes,95,53,97,62,69.31,higher study
998,6.57,7.39,9.31,4.14,6.85,0,0,54.02,90.89,medium,4,yes,35,83,72,50,64.11,job
999,9.76,3.9,8.67,7.67,7.5,0,0,63.43,83.63,medium,12,no,64,72,82,82,83.89,job
1000,8.38,7.3,4.12,6.87,6.67,0,0,61.73,49.25,medium,1,no,66,93,92,89,88.01,none
1001,8.72,8.4,4.58,9.17,7.72,1,1,84.76,68.06,medium,10,no,38,72,53,36,67.82,none
1002,8.83,8.22,8.1,8.48,8.41,0,0,65.24,45.35,high,9,no,91,66,94,55,86.95,none
1003,5.74,5.22,6.61,5.38,5.74,2,2,85.86,51.85,medium,2,no,44,62,42,47,95.98,none
1004,8.88,7.28,7.29,8.02,7.87,0,0,37.93,67.58,low,9,no,56,43,56,36,69.74,job
1005,5.77,3.82,7.48,8.91,6.5,2,2,45.84,82.25,medium,6,no,78,100,40,71,64.88,higher study
1006,7.56,7,6.17,6.76,6.87,1,1,69.96,39.35,low,0,yes,60,36,64,54,93.42,job
1007,8.93,6.95,8.86,9.25,8.5,0,0,96.46,52.89,low,2,yes,89,64,93,84,96.66,higher study
1008,4.28,4.56,6.39,9.88,6.28,0,0,38.02,95.08,low,4,yes,92,60,94,57,68.59,none
1009,8.27,8.32,8.09,7.46,8.04,3,3,35.9,61.76,low,10,yes,73,60,59,78,88.86,higher study
1010,6.49,6.16,7.52,7.5,6.92,0,0,43.5,95.9,medium,13,yes,51,42,87,77,83.64,higher study
1011,7.43,6.04,6.08,6.72,6.57,2,2,75.96,99.42,medium,3,yes,84,39,64,80,69.57,higher study
1012,9.9,8.39,8.77,7.77,8.71,0,0,59.74,68.29,medium,2,yes,94,39,74,90,92.95,higher study
1013,5.23,7.43,8.56,7.33,7.14,0,0,88.31,52.31,medium,5,no,56,59,61,52,78.82,job
1014,8.15,6.39,7.57,7.34,7.36,0,0,37.83,85.98,medium,11,no,69,76,39,67,88.01,none
1015,6.74,6.71,6.69,9.44,7.4,0,0,46.17,43.68,high,5,no,71,52,67,36,72.06,none
1016,4.18,8.8,6.36,7.09,6.61,4,4,53.11,49.89,low,3,no,89,49,42,72,92.63,higher study
1017,7.92,8.58,7.09,4.35,6.98,0,0,74.99,85.59,low,8,yes,72,56,45,93,70.57,none
1018,8,8.13,5.09,6.05,6.82,0,0,78.91,62.06,high,10,yes,61,62,49,43,74.59,job
1019,3.98,7.45,6.77,7.57,6.44,0,0,41.33,46.51,high,5,yes,54,71,64,73,75.66,higher study
1020,6.49,4.12,7.52,9.27,6.85,0,0,96.24,76.63,medium,14,yes,95,92,66,35,68.26,none
1021,7.7,7.56,8.9,7.01,7.79,0,0,55.86,82.1,medium,8,no,56,81,40,78,94.97,none
1022,8.31,8.93,4.14,4.57,6.49,0,1,80.79,41.39,low,12,no,54,53,36,60,64.54,higher study
1023,3.96,9.36,7.72,9.59,7.66,0,0,68.13,51.56,medium,10,no,49,54,53,86,82.53,job
1024,9.08,8.9,8.67,6,8.16,0,3,47.93,47.83,low,9,no,95,61,38,42,92.57,higher study
1025,4.36,5.37,7.95,6.92,6.15,0,0,89.7,58.46,medium,9,yes,98,83,100,34,83.24,higher study
1026,7.5,6.65,7.43,6.84,7.1,0,0,87.82,84.15,medium,1,yes,38,66,71,66,73.08,none
1027,4.57,8.43,8.56,7.18,7.18,1,1,59.54,80.82,low,14,no,79,73,89,71,91.25,none
1028,5.58,6.59,7.41,6.4,6.49,1,1,72.44,77.39,high,5,no,97,87,56,90,79.97,higher study
1029,6.04,6.64,9.2,7.52,7.35,0,0,50.28,33.43,high,13,no,74,43,35,66,66.52,higher study
1030,3.8,8.03,8.61,8.08,7.13,0,0,79.22,42.53,medium,3,no,77,67,54,81,72.67,none
1031,6.03,7.22,6.87,7.89,7,0,3,53.71,47.97,high,1,no,48,69,47,36,83.68,higher study
1032,7.07,8.79,6.39,8.41,7.66,0,0,89.55,51.23,medium,4,no,84,40,95,65,86.35,job
1033,8.78,6.27,8.57,7.36,7.74,0,2,47.57,42.82,high,13,yes,87,49,44,54,81.93,higher study
1034,6.69,7.53,3.63,7.56,6.35,1,1,34,60.5,high,14,yes,75,84,37,50,70.88,job
1035,7.9,8.76,7.76,8.43,8.21,0,0,51,38.05,low,2,no,79,94,80,75,83.75,higher study
1036,6.67,8.71,8.67,7.28,7.83,1,1,45.81,83.25,high,5,yes,58,64,53,45,73.3,higher study
1037,6.97,6.47,8.81,8.1,7.59,0,0,67.06,85.78,medium,10,yes,100,65,85,78,69,higher study
1038,8.54,9.64,3.53,7.3,7.25,0,0,46.66,71.48,low,14,yes,68,78,49,69,97.82,none
1039,8.19,7.1,6.16,7.25,7.18,4,6,84.14,39.02,high,13,no,55,60,78,84,72.59,none
1040,6.29,4.16,7.5,4.51,5.62,0,0,49.18,92.64,low,7,yes,42,55,41,40,73.42,none
1041,7.29,7.86,7.12,8.28,7.64,0,0,80.37,97.7,high,3,yes,57,48,95,66,95.87,none
1042,6.09,6.48,7.88,6.52,6.74,0,0,71.76,46.57,medium,11,yes,56,41,54,81,65.71,none
1043,7.44,8.9,9.55,9.14,8.76,0,0,99.08,80.21,medium,3,yes,94,41,97,99,83.38,none
1044,7.99,8.74,8.38,5.28,7.6,0,0,99.99,89.41,low,4,yes,70,49,63,66,91.35,higher study
1045,5.34,6.5,6.84,7.02,6.42,0,0,91.26,69.17,high,5,yes,78,81,69,60,70.95,job
1046,6.36,6.36,7.67,6.67,6.76,0,0,83.92,54.67,high,10,yes,48,67,38,80,93.76,none
1047,6.87,6.26,8.13,7.08,7.08,0,0,58.9,65.07,low,6,no,90,90,71,99,90.79,none
1048,7.19,8.73,6.4,6.69,7.25,2,2,83.47,67.33,low,5,yes,47,38,52,76,79.44,higher study
1049,4.83,6.58,9.45,9.26,7.53,0,0,97.1,59.85,medium,6,yes,85,77,60,52,64.75,none
1050,8.76,7.25,8.44,7.74,8.05,0,0,34.58,95.3,low,8,yes,69,70,46,43,98.8,higher study
1051,4.22,7.35,3.56,5.79,5.23,0,0,69.04,82.84,high,3,no,60,61,42,55,84.97,none
1052,8.98,5.7,7.82,8.39,7.72,0,0,47.61,49.17,low,9,yes,50,71,50,99,80.68,job
1053,4.73,7.8,8.85,9.55,7.73,0,4,70.38,72.24,medium,14,no,74,79,77,35,95.42,none
1054,6.13,6.22,7.02,8.36,6.93,0,3,64.26,79.15,low,0,yes,37,59,78,51,76.85,none
1055,9.39,6.68,6.32,7.09,7.37,0,0,71.58,42.4,high,14,no,36,86,75,52,82.55,higher study
1056,8.28,8.79,9.88,8.97,8.98,0,5,69.92,57.02,low,8,no,52,96,84,63,94.34,none
1057,7.12,8.73,3.52,7.78,6.79,0,0,97.33,93.67,low,6,no,74,96,91,39,75.72,higher study
1058,7.18,8.34,7.52,7.2,7.56,3,3,70,71,low,3,yes,73,71,91,60,90.9,job
1059,8.26,6.06,6.26,5.17,6.44,0,0,89.7,47.55,medium,9,no,91,48,63,48,70.25,none
1060,8.76,6.98,8.91,8.51,8.29,0,2,54.43,41.24,medium,7,yes,72,42,38,64,88.09,higher study
1061,4.25,5.73,3.78,8.19,5.49,0,0,62.36,67.73,medium,11,yes,40,55,41,77,80.42,job
1062,9.1,3.99,4.1,8.25,6.36,0,0,64.52,69.7,medium,6,yes,69,89,70,43,66.6,job
1063,8.85,7.88,6.12,6.59,7.36,2,3,51.68,55.41,high,11,no,53,70,80,54,65.44,higher study
1064,7.73,6.83,8.26,9.24,8.02,0,0,58.45,75.24,high,1,yes,62,90,78,80,78.31,higher study
1065,7.07,8.73,7.58,7.4,7.7,1,1,73.1,37.61,medium,0,no,99,93,38,88,88.43,none
1066,8.36,7.9,7.11,8.59,7.99,0,0,71.88,42.73,medium,8,yes,80,45,96,69,84.13,job
1067,6.75,6.22,6.2,7.51,6.67,0,0,75.64,69.6,medium,6,yes,56,40,80,91,94.19,job
1068,7.69,8.73,7.87,8.05,8.09,3,3,56.58,37.15,low,13,yes,39,99,58,52,75.59,higher study
1069,7.08,5.03,7.76,4.68,6.14,0,0,54.17,92.02,high,9,yes,51,74,83,97,93.75,job
1070,7.97,8.87,6.84,7.76,7.86,1,1,73.98,42.53,low,0,yes,86,57,78,43,61.48,higher study
1071,6.72,6.23,4.05,8.53,6.38,0,0,41.91,78.16,medium,12,yes,55,58,63,82,74.63,none
1072,6.57,7.6,8.73,5.45,7.09,0,0,49.96,59.22,high,3,yes,68,95,81,87,62.92,higher study
1073,8.75,6.91,6.91,6.85,7.36,0,0,35.83,59.79,medium,14,no,42,77,84,94,96.77,none
1074,6.31,7.18,7.35,7.73,7.14,0,0,37.87,84.25,low,4,yes,64,35,88,92,79.01,higher study
1075,9.02,9.9,7.63,9.68,9.06,0,0,49.31,66.47,high,4,yes,76,75,88,35,72.65,none
1076,7.52,6.54,6.3,6.37,6.68,0,0,34.32,81.62,low,13,no,50,66,79,41,79.7,job
1077,6.66,7.73,8.8,5.1,7.07,0,3,49.45,66.85,high,13,no,84,50,64,52,81.31,higher study
1078,6.12,8.87,7.12,8.07,7.54,0,0,76.89,72.73,medium,13,no,99,96,67,47,93.85,higher study
1079,6.11,7.51,6.24,3.65,5.88,0,0,37.1,83.97,high,4,yes,57,55,66,55,81.7,higher study
1080,4.99,6.25,7.16,3.74,5.54,2,3,62.27,73.69,low,10,no,48,34,89,50,77.26,none
1081,6.53,7.86,7.8,8.2,7.6,0,0,94.18,74.25,low,2,yes,61,87,91,96,98.45,higher study
1082,8.6,7.02,7.54,6.13,7.32,0,0,86.02,85.88,low,4,no,36,47,90,59,98.74,higher study
1083,6.85,3.72,8.08,8.03,6.67,0,0,53.47,96.59,low,3,yes,62,86,50,69,61.54,job
1084,4.58,8.57,6.17,7.24,6.64,2,2,94.96,58.25,medium,14,no,85,39,44,78,88.27,higher study
1085,3.91,7.3,6.85,6.37,6.11,0,2,55.09,71.67,low,4,yes,87,97,50,63,74.87,higher study
1086,8.85,6.58,8.46,7.26,7.79,0,0,37.87,38.79,medium,6,yes,91,66,43,54,87.01,higher study
1087,7.74,6.57,6.24,6.58,6.78,0,0,99.6,57.05,high,4,yes,78,77,59,53,85.48,higher study
1088,7.31,8.31,9.1,9.49,8.55,0,1,91.29,60.61,low,13,no,83,67,39,75,73.2,job
1089,9.66,6.8,8.57,7.25,8.07,0,0,64.22,88.96,high,14,no,55,67,49,89,99.47,higher study
1090,7.74,8.3,6.28,7.15,7.37,4,4,77.65,67.4,high,13,no,85,57,37,45,74.28,higher study
1091,3.79,6.62,8.5,8.22,6.78,0,0,77.98,81.98,medium,13,no,86,35,95,41,85.28,job
1092,7.55,6.97,7.08,8.32,7.48,0,0,46.04,34.28,low,7,no,64,41,97,96,92.54,none
1093,8.28,4.48,7.84,7.82,7.1,4,4,46.41,64.13,medium,7,yes,81,58,89,89,65.82,none
1094,6.85,7.4,6.46,6.07,6.7,0,0,64.47,93.39,low,2,no,64,65,56,40,72.02,job
1095,7.06,8.83,6.2,3.59,6.42,1,1,94.08,48.04,high,4,yes,37,89,66,95,67.96,job
1096,8.68,8.8,5.97,9.77,8.3,3,3,33.68,35.12,medium,11,yes,68,40,64,94,91.27,none
1097,8.84,5.28,6.65,8.79,7.39,0,0,85.43,62.04,low,3,yes,100,81,40,43,92.05,higher study
1098,8.68,6.62,6.38,8.06,7.44,0,0,36.86,80.2,high,13,yes,97,87,38,83,70.24,none
1099,7.26,7.07,4.27,6.1,6.18,0,0,65.05,63.45,medium,13,no,42,96,70,53,60.17,higher study
1100,8.34,6.45,6.94,8.46,7.55,0,0,75.74,63.82,medium,4,no,79,35,34,61,76.93,job
1101,7.43,7.53,7.54,6.6,7.28,1,3,79.02,77.88,medium,7,no,89,68,78,47,87.49,job
1102,9.6,7.38,7.77,7.74,8.12,1,1,36.93,50.05,medium,3,no,89,55,80,41,84.9,job
1103,4.87,8.7,8.37,7.4,7.33,0,0,61.05,83.38,high,4,no,59,97,63,40,77.83,none
1104,5.76,8.79,7.97,7.26,7.44,0,0,72.12,43.27,high,6,no,93,92,93,38,72.08,job
1105,9.16,7.15,7.83,8.67,8.2,0,0,37.43,59.52,high,2,yes,81,82,57,34,78.98,none
1106,7.49,7.48,7.24,7.31,7.38,0,0,42.06,76.96,high,12,no,91,85,64,43,60.6,higher study
1107,6.61,8.69,7.42,6.23,7.24,0,0,77.47,88.5,low,5,yes,96,54,61,91,62.95,higher study
1108,7.77,8.42,3.82,4.64,6.16,2,2,67.95,86.03,high,8,yes,91,45,78,98,66.51,higher study
1109,6.56,6.01,7.24,9.95,7.44,0,5,43.85,81.36,medium,10,yes,36,44,37,93,85.02,job
1110,6.99,9.16,8.53,8.84,8.38,1,1,68.87,57.07,medium,3,yes,40,87,94,53,68.75,higher study
1111,4.36,9.38,4.86,8.76,6.84,0,0,94.15,41.2,medium,3,no,85,47,72,91,76.94,job
1112,8.57,5.15,6.69,8.05,7.12,0,0,34.05,47.54,medium,5,no,95,66,57,76,84.86,none
1113,6.62,6.96,6.02,7.4,6.75,0,0,76.06,90.95,low,5,yes,35,59,79,62,93.22,job
1114,6.21,7.27,7.95,6.28,6.93,2,2,37.94,90.44,medium,2,no,66,47,86,35,81.99,higher study
1115,6.21,6.69,6.61,8.37,6.97,0,0,33.44,96.76,medium,13,yes,45,81,81,59,67.09,job
1116,8.82,6.6,8.67,6.23,7.58,0,0,43.1,38.1,medium,0,yes,81,98,42,92,98.07,job
1117,7.52,6.11,8.58,6.21,7.1,0,0,61.34,68.97,high,2,yes,86,79,55,34,63.6,none
1118,5.33,7.93,9.26,7.61,7.53,0,0,86.76,76.47,high,7,yes,74,88,35,64,74.68,job
1119,7.23,6.79,5.64,9.12,7.2,0,0,51.89,80.62,low,7,no,91,45,49,71,96.85,higher study
1120,8.43,6.16,5.2,6.48,6.57,0,0,74.92,76.14,low,5,yes,56,87,38,55,84.09,job
1121,5.15,6.69,4.24,6.02,5.52,0,0,60.55,84.59,low,6,no,69,97,45,99,86.51,job
1122,9.23,5.06,6.23,7.27,6.95,0,0,48.71,57.09,medium,1,yes,54,80,85,80,72.07,higher study
1123,5.83,8.41,6.32,6.41,6.74,0,0,67.46,45.03,low,8,no,88,70,59,34,63.14,job
1124,5.55,8.55,4.9,6.48,6.37,1,5,86.43,46.72,high,2,no,89,74,48,83,74.63,none
1125,8.51,4.21,7.49,6.23,6.61,0,0,88.78,33.81,high,1,no,46,60,100,69,76.09,higher study
1126,7,7.45,9.75,6.62,7.7,0,0,89.72,56.48,high,4,yes,55,75,92,78,70.81,higher study
1127,8.08,7.25,7.83,8.15,7.83,0,2,55.69,39.16,medium,0,yes,40,62,72,69,68.62,job
1128,8.31,8.93,6.82,8.43,8.12,0,0,86.16,54.55,medium,4,no,57,69,96,67,74.22,none
1129,7.96,6.6,8.15,7.36,7.52,0,5,47.22,75.09,low,9,no,94,90,58,42,85.58,none
1130,6.45,4.45,9.09,7.52,6.88,1,1,82.48,92.93,low,3,yes,38,45,74,37,97.96,higher study
1131,8.63,6.65,7.78,6.1,7.29,0,0,96.54,89.26,low,11,no,83,78,61,96,88.15,higher study
1132,7.62,6.88,6.97,6.21,6.92,0,0,33.93,49.94,low,5,no,95,53,54,37,91.18,job
1133,6.85,6.52,6.08,6.77,6.56,0,0,62.51,41.99,medium,11,no,88,78,94,38,72.24,higher study
1134,7.28,7.14,8.25,7.63,7.58,0,0,76.4,45.94,high,4,yes,59,56,90,43,64.19,none
1135,6.11,9.14,6.64,8.22,7.53,5,5,80.02,98.06,medium,8,yes,43,95,44,77,71.66,job
1136,6.38,8.73,8.5,9.33,8.24,3,3,44.81,69.82,low,4,yes,44,67,52,73,76.11,job
1137,4.92,7.85,7.26,5.56,6.4,0,0,98.14,45.24,medium,12,yes,73,54,34,69,87.6,none
1138,8.3,7.24,7.73,7.82,7.77,0,0,74.23,89.33,high,7,yes,44,84,65,68,97.57,none
1139,6,8.8,8.62,4.28,6.93,1,3,44.02,59.48,medium,11,yes,37,42,67,92,92.37,higher study
1140,7.25,3.76,8.59,7.18,6.7,0,1,34.38,93.25,high,12,no,35,43,50,98,70.66,none
1141,5.14,6.15,7.11,9.32,6.93,0,4,85.48,50.47,low,1,no,72,85,88,64,92.81,job
1142,7.57,6.63,6.63,6.35,6.8,3,3,38.35,59.35,medium,2,no,56,78,52,79,76.47,job
1143,6.16,7.7,9.32,8.34,7.88,0,0,42.46,66.84,low,2,no,78,85,75,82,67.02,none
1144,8.92,7.85,8.33,7.09,8.05,0,0,71.52,92.81,low,2,no,75,63,92,39,78.45,higher study
1145,6.68,6.12,7.3,8.21,7.08,1,1,73.44,91.21,high,5,no,75,97,71,52,82.53,job
1146,5.75,5.3,6.58,7.54,6.29,0,0,79.02,71.49,high,6,yes,62,35,64,75,90.54,higher study
1147,6.91,7.21,8.71,4.46,6.82,0,0,59.37,47.87,low,6,no,49,82,99,63,74,none
1148,6.91,4.76,6.59,8.22,6.62,0,1,84.85,60.03,high,11,no,100,78,83,59,65.87,higher study
1149,4.5,7.95,6.08,8.72,6.81,0,0,98.28,98.37,high,6,yes,93,50,63,36,63.77,job
1150,4.32,8.09,6.06,8.76,6.81,0,2,51.17,73.72,low,11,yes,37,61,68,66,64.5,none
1151,6.69,7.91,7.87,7.61,7.52,0,0,80.11,85.34,low,2,no,49,78,92,83,98,job
1152,3.53,6.96,7.99,7.53,6.5,0,0,95.21,63.15,high,0,no,74,50,50,64,98.07,job
1153,6,5.27,6.93,6.8,6.25,5,5,78.98,68.65,low,5,no,39,92,99,43,98.75,none
1154,8.19,6.28,6.96,8.81,7.56,0,0,78.64,61.75,low,2,yes,75,47,54,55,72.1,higher study
1155,8.9,7.28,7.02,7.37,7.64,0,3,48,80.1,high,12,yes,90,43,85,96,67.66,none
1156,6.67,6.39,8.04,6.38,6.87,0,0,68.86,90.05,medium,14,yes,61,51,98,87,99.24,job
1157,7.99,8.84,5.29,7.3,7.36,1,1,70.69,67,medium,2,yes,56,68,47,84,99.53,job
1158,5.57,7.43,6.17,6.38,6.39,0,0,79.91,65.22,low,14,no,75,81,49,37,63.13,job
1159,5.5,6.95,8.79,5.77,6.75,0,0,99.79,55.81,high,2,no,45,91,88,70,90.1,none
1160,8.23,8.3,6.67,7.51,7.68,0,0,35.26,44.87,low,14,no,97,51,42,96,71.55,none
1161,3.76,7.49,5.32,7.68,6.06,0,0,37.38,95.93,high,8,yes,91,85,41,84,96.37,none
1162,8.55,6.93,9,7.01,7.87,0,0,38.23,54.18,low,11,yes,84,63,67,41,63.57,none
1163,7.27,8.44,6.51,6.21,7.11,0,0,82.78,86.65,low,14,no,62,70,66,34,95.54,higher study
1164,6.91,8.6,8.31,8.83,8.16,2,2,42.14,80.93,high,3,no,52,73,40,41,60.1,job
1165,6.98,8.02,9.39,8.32,8.18,2,2,74.71,85.99,low,4,no,78,39,54,88,80.88,higher study
1166,4.94,9.62,5.17,8.52,7.06,4,4,54.76,95.76,medium,2,yes,87,68,38,42,73.42,job
1167,4.66,6.14,5.68,7.1,5.9,0,0,63.65,74.77,medium,9,no,99,59,45,84,77.09,job
1168,8.14,7.7,6.67,8.28,7.7,4,4,47.46,93.16,high,12,yes,46,63,92,49,77.35,higher study
1169,8.45,8.29,6.24,7.46,7.61,1,1,91.03,44.24,low,14,no,98,57,91,86,86.14,none
1170,6.54,6.41,8.62,6.6,7.04,0,0,72.28,74.99,medium,11,no,45,88,70,92,60.92,job
1171,7.11,6.69,8.58,6.37,7.19,0,0,96.29,84.74,high,0,yes,47,42,78,78,87.65,none
1172,9.02,8.65,5.68,7.04,7.6,0,2,71.5,51.21,high,14,yes,75,95,58,70,60.89,higher study
1173,8.71,6.06,7.21,6.41,7.1,0,0,41.31,82.63,high,11,yes,81,51,60,99,67.41,job
1174,8.42,8.26,8.11,5.59,7.6,0,0,44.46,85.16,medium,3,no,57,84,84,97,84.27,none
1175,8.95,7.42,7.67,8.99,8.26,0,0,99.27,88.69,medium,14,yes,98,52,75,69,63.46,higher study
1176,8.26,4.12,8.56,6.15,6.77,0,0,81.62,53.97,medium,0,no,50,66,75,83,99.64,job
1177,7.18,4.31,6.95,7.32,6.44,0,0,36.31,78.67,medium,10,yes,71,71,93,86,91.38,higher study
1178,7.77,7.34,7.57,7.36,7.51,0,0,80.16,53.39,low,10,no,61,46,91,90,88.23,none
1179,7.98,6.02,7.46,6.9,7.09,0,0,60.62,82.52,medium,6,yes,66,82,55,52,70.71,job
1180,6.24,4.34,7.06,7.71,6.34,1,1,53.59,64.02,high,6,yes,57,86,91,59,61.94,job
1181,9.83,8.46,8.67,6.45,8.35,4,4,43.33,73.04,low,14,no,37,34,44,76,99.15,job
1182,7.63,3.56,6.5,8.35,6.51,0,0,89.28,60.87,medium,3,yes,66,45,39,91,65.91,higher study
1183,8.13,7.08,6.45,7,7.16,0,2,37.29,43.86,low,14,no,43,57,55,92,93.22,higher study
1184,3.8,4.35,7.73,7.77,5.91,0,5,52.43,44.94,high,4,no,69,34,45,79,67.9,higher study
1185,6.5,7.62,7.97,8.15,7.56,0,2,53.53,38.21,medium,9,no,64,40,60,73,74.96,higher study
1186,5.95,5.51,6.58,5.16,5.8,0,0,43.79,74.41,low,6,yes,37,72,34,46,87.74,none
1187,8.34,8.03,7.17,8.67,8.05,0,0,67.05,89.86,medium,12,no,41,65,97,42,97.81,higher study
1188,7.75,8.11,8.84,4.17,7.22,5,5,33.79,34.41,low,5,yes,60,82,72,99,60.79,higher study
1189,8.86,5.74,9.62,9.15,8.34,0,0,53.17,37.45,low,12,yes,69,64,93,86,70.43,higher study
1190,6.13,8.87,4.95,9.81,7.44,0,0,95.55,63.66,high,3,no,42,36,87,37,90.6,none
1191,6.8,7.59,4.57,3.79,5.69,0,0,53.81,82.43,high,3,yes,76,80,58,47,66.94,none
1192,7.8,7.2,6.74,8.51,7.56,0,5,57.16,43.57,medium,1,no,57,48,53,41,64.46,job
1193,6.89,8.86,5.1,7.82,7.17,0,0,64.71,51.21,medium,9,no,70,84,69,95,61.85,higher study
1194,8.14,4.8,5.55,7.17,6.42,0,0,70.64,48.55,low,1,no,74,54,56,78,80.1,job
1195,8.28,7.93,3.51,7.51,6.81,0,0,87.19,59.74,high,11,no,59,74,34,100,90.71,job
1196,4.04,6.89,8.01,3.54,5.62,0,4,45.76,48.08,high,3,no,37,36,60,95,98.47,none
1197,9.97,6.38,8.22,9.76,8.58,0,0,91.41,56.63,low,4,no,34,34,85,69,70.7,none
1198,9.14,8.53,9.16,8.31,8.78,0,0,83.76,81.82,high,3,yes,53,54,35,34,64.85,job
1199,6.31,7.09,7.34,8.63,7.34,0,0,81.42,73.94,high,13,yes,78,54,54,93,76.1,job
1200,7.54,7.98,8.81,6.31,7.66,0,0,38.83,38.45,low,2,yes,85,82,42,46,62.22,higher study
1201,7.53,7.41,5.98,7.15,7.02,0,0,34.46,75.73,medium,10,yes,97,98,81,45,73.25,none
1202,7.11,9.73,8.21,8.33,8.35,0,0,72.8,64.97,medium,1,yes,54,74,72,50,85.72,none
1203,8.8,6.6,7.37,7.29,7.52,0,1,90.83,95.62,medium,3,no,58,100,75,80,66.73,job
1204,8.48,7.81,7.71,3.77,6.94,0,0,72.16,52.39,low,13,yes,100,75,78,86,85.28,none
1205,8.09,9.93,3.96,7,7.24,0,0,47.29,81.66,medium,10,no,59,90,35,100,98.88,job
1206,8.14,6.18,8.08,4.23,6.66,0,0,39.07,81.97,low,4,yes,60,76,100,43,94.57,job
1207,7.39,4.64,7.78,7.23,6.76,0,3,79.88,47.85,low,0,yes,85,45,76,79,74.27,none
1208,8.76,7.24,8.64,4.88,7.38,0,5,81.36,93.52,high,14,no,96,97,51,37,76.86,higher study
1209,8.08,3.58,7.07,7.81,6.64,0,0,44.57,65.91,high,12,yes,78,84,72,90,76.77,none
1210,9.23,7.64,6.9,3.66,6.86,1,4,34.9,78.49,medium,0,yes,91,93,39,71,94.4,job
1211,8.19,5.7,4.68,9,6.89,0,0,60.36,42.78,low,5,yes,71,61,75,45,99.75,job
1212,8.59,7.31,5.68,7.48,7.26,0,0,72.05,50.28,medium,4,no,68,47,85,64,93.04,higher study
1213,6.82,8.25,6.64,6.63,7.08,0,0,80.31,72.27,medium,10,yes,79,65,60,35,82.32,job
1214,8.42,8.48,6.11,3.84,6.71,0,0,87.27,54.38,high,3,no,36,41,48,34,63.89,higher study
1215,6.59,8.31,6.13,6.49,6.88,0,0,73.91,66.48,medium,0,yes,39,60,52,58,98.18,none
1216,7.04,6.12,8.61,6.13,6.98,0,0,40.44,58.06,medium,11,no,46,83,95,38,94.4,higher study
1217,7.01,6.58,8.04,7.68,7.33,0,1,78.74,75.92,high,13,yes,79,92,97,81,93.66,job
1218,8.94,7.61,4.06,7.63,7.06,1,1,98.94,65.64,medium,6,no,66,90,84,47,75.67,job
1219,8.57,8.8,4.69,3.95,6.5,0,0,93.68,33.32,medium,14,no,95,36,80,85,77.89,higher study
1220,8.1,8.5,7.98,6.62,7.8,0,0,91.4,76.53,low,3,yes,96,60,90,54,64.79,none
1221,9.87,8.53,7.84,8.09,8.58,0,0,53.25,61.29,medium,2,yes,89,67,53,58,97.51,higher study
1222,8.18,6.91,8.55,9.48,8.28,0,5,83.31,55.9,high,13,yes,72,59,53,100,97.73,job
1223,7.69,7.29,7.44,8.22,7.66,2,2,90.03,39.32,high,6,no,93,73,97,83,70.18,none
1224,3.67,7.41,8.61,5.08,6.19,0,4,78.45,47.77,low,1,yes,57,65,71,66,87.84,higher study
1225,8.84,6.47,3.83,6.78,6.48,4,4,49.8,48,high,9,no,83,74,71,50,68.14,higher study
1226,7.49,6.09,4.49,7.03,6.28,0,0,96.91,95.67,high,0,yes,66,35,98,67,75.72,higher study
1227,7.14,8.84,7.08,8.97,8.01,0,0,63.21,61.98,high,10,yes,40,40,38,59,72.1,job
1228,6.49,3.53,3.94,7.12,5.27,0,0,41.71,35.83,medium,3,no,79,52,97,75,75.58,job
1229,9.93,6.72,8.78,8.28,8.43,0,0,40.36,42.31,low,12,yes,95,66,60,64,72.36,job
1230,8.36,6.72,8.1,7.36,7.64,0,0,76.39,38.3,low,7,yes,34,35,53,84,73.81,none
1231,4.99,6.25,6.77,8.38,6.6,0,0,62.33,72.46,low,12,yes,98,100,93,69,91.64,none
1232,8.2,8.79,7.69,8.31,8.25,0,0,39.34,45.51,low,5,no,78,48,73,46,72,none
1233,7.15,7.74,4.41,5.04,6.08,0,0,82.61,66.41,high,8,no,88,54,39,46,92.59,job
1234,6.08,8,7.6,8,7.42,0,0,86.56,57.8,medium,0,no,99,92,69,65,82.72,none
1235,8.52,8.73,6.41,8.56,8.06,0,0,81.61,86.86,high,0,no,100,72,98,38,91.22,none
1236,6.03,7.04,7.77,4.88,6.43,0,0,46.56,54.48,high,10,yes,87,53,44,45,96.76,higher study
1237,5.35,7.86,6.94,8.82,7.24,0,0,79.22,63.71,high,4,yes,96,34,82,92,65.54,job
1238,8.11,6.12,6.16,7.74,7.03,0,0,33.73,81.33,high,5,yes,87,42,61,74,73.76,higher study
1239,9.42,6.56,8.85,9.54,8.59,0,2,53.45,62.04,low,7,no,85,84,55,70,62.22,job
1240,8.91,8.49,7.92,9.06,8.6,3,5,59.73,86.15,low,2,yes,87,71,80,81,76.28,job
1241,3.58,9.28,8.63,6.71,7.05,0,0,88.96,77.34,medium,5,no,100,48,99,76,69.5,none
1242,7.31,8.3,8.03,7.2,7.71,0,0,59.16,60.51,high,2,yes,70,74,58,74,82.87,higher study
1243,6.7,7.05,7.07,8.27,7.27,0,0,33.76,66.77,low,7,no,45,80,100,89,91.34,higher study
1244,5.15,5.86,7.54,7.95,6.62,0,0,56.61,97.8,medium,11,no,92,59,65,44,79.45,none
1245,8.11,7.13,8.03,6.53,7.45,0,5,66.43,77.33,high,10,yes,53,87,50,42,73.34,higher study
1246,8.45,7.6,4.43,6.15,6.66,0,5,96.58,93.64,high,10,no,65,72,73,61,66.1,higher study
1247,7.64,6,8.88,8.05,7.64,0,1,96.05,44.99,low,3,no,77,50,63,55,61.07,job
1248,8.9,4.72,6.76,6.75,6.78,0,0,45.13,65.38,high,1,yes,99,42,92,39,87.12,higher study
1249,4.83,6.72,8.62,7.5,6.92,1,4,45.41,93.88,high,11,no,88,79,61,59,61.22,higher study
1250,6.16,6.62,8.77,8.24,7.45,4,4,43.95,54.62,low,8,no,49,39,80,49,96.83,job
1251,7.51,6.75,8.01,7.69,7.49,0,0,85.86,97.83,medium,14,yes,85,49,56,47,83.77,none
1252,8.16,9.95,8.79,6.25,8.29,0,0,33.41,39.51,medium,9,no,70,62,90,68,74.13,job
1253,8.59,8.42,7.19,6.56,7.69,0,0,41.53,93.48,low,14,no,79,74,34,75,61.68,none
1254,6.54,6.84,8.86,6.66,7.22,0,0,69.05,62.83,low,12,no,74,95,62,86,76.54,none
1255,8.4,4.35,8.11,6.77,6.91,0,0,49.59,37.95,medium,7,yes,38,73,83,55,94.69,job
1256,7.66,6.57,6.13,7.7,7.02,0,0,39.2,91.93,medium,14,yes,99,95,97,86,98.79,job
1257,7.19,7.51,8.72,7.51,7.73,0,1,57.12,49.89,low,5,yes,38,57,70,99,63.4,none
1258,6.4,8.6,7.45,6.61,7.26,4,4,51.38,34.5,low,2,yes,96,39,94,46,91.09,job
1259,8.6,6.72,7.38,6.2,7.22,1,1,67.25,42.11,low,1,no,36,73,40,44,70.33,job
1260,6.47,5.81,7.7,6.51,6.62,0,0,98.61,77.16,high,12,yes,41,91,97,45,75.18,higher study
1261,6.93,6.24,6.45,8.95,7.14,0,0,41.34,98.51,low,3,yes,59,47,51,86,81.91,job
1262,6.87,3.56,7.41,7.41,6.31,0,5,57.98,40.48,high,3,yes,86,78,62,42,99.79,job
1263,8.61,7.07,8.49,8.6,8.19,0,0,95.44,63.96,medium,0,yes,62,39,93,50,68.35,higher study
1264,8.02,8.24,6.05,8.55,7.72,0,0,91.75,45.11,medium,14,no,47,56,87,94,65.22,none
1265,8.39,9.06,5.98,7.53,7.74,2,4,59.42,82.92,low,8,no,38,95,54,43,83.8,none
1266,6.75,7.65,6.82,9.56,7.7,0,1,79.83,40.92,low,9,yes,60,50,54,71,94.12,job
1267,7.87,8.45,6.01,8.12,7.61,0,0,38.9,49.08,medium,7,no,62,61,91,72,85.93,job
1268,7.72,8.88,7.25,6.58,7.61,0,0,80.74,46.17,medium,6,yes,36,46,82,63,73.9,none
1269,8.5,4.95,8.18,9.79,7.86,0,0,98.18,70.02,medium,5,yes,63,62,69,67,99.08,job
1270,8.72,8.38,8.4,4.13,7.41,0,0,69.02,91.5,medium,2,no,42,78,50,66,99.8,none
1271,6.04,7.81,8.84,8.07,7.69,0,0,66.4,67.25,low,3,no,34,53,86,65,90.83,none
1272,3.76,7.48,7.83,6.82,6.47,1,6,45.56,36.91,high,1,no,56,91,48,45,92.1,higher study
1273,8.02,6.12,6.76,8.5,7.35,0,0,75.47,70.75,medium,6,no,100,87,73,98,90.43,higher study
1274,6.16,8.95,8.77,6.25,7.53,0,0,72.56,86.44,medium,1,no,65,97,84,43,70.31,job
1275,7.65,7.15,8.33,8.32,7.86,0,0,76.68,41.86,high,13,no,39,85,98,52,66.01,job
1276,6.86,6.46,7.72,6.3,6.84,0,0,34.76,37.88,low,14,yes,82,76,46,56,82.17,none
1277,6.92,8,8.09,8.64,7.91,0,2,69.77,45.59,high,9,no,48,51,71,90,98.17,job
1278,9.05,6.85,8.77,6.91,7.9,0,0,72.86,82.99,low,0,yes,91,87,59,92,95.13,higher study
1279,7.06,4.87,8.14,7.96,7.01,0,0,46.91,72.65,low,5,yes,86,93,48,87,64.27,none
1280,7.86,7.76,7.11,4.43,6.79,0,0,46.97,69.22,low,3,yes,63,34,38,35,62.28,none
1281,7,9.6,8.14,7.46,8.05,0,0,51.51,49.72,low,14,yes,73,70,35,81,94.95,job
1282,8.2,7.76,5.99,7.1,7.26,0,4,80.69,55.27,low,7,yes,92,82,98,39,84.52,none
1283,7.21,7.34,6.12,7.94,7.15,0,0,73.62,97.71,medium,0,no,96,68,93,76,72.17,none
1284,6.21,4.05,7.16,8.84,6.56,0,0,89.67,49.13,low,8,no,81,100,89,50,82.47,none
1285,8.35,8.51,3.79,6.12,6.69,0,0,52.82,93.41,medium,5,yes,40,68,71,69,68.87,higher study
1286,6.86,6.79,7.22,9.57,7.61,0,0,94.11,71.9,low,13,yes,80,42,90,57,97.88,none
1287,7.3,9.06,6.5,3.74,6.65,0,0,82.83,41.27,medium,1,no,76,70,84,94,93.09,higher study
1288,8.06,7.35,5.31,8.76,7.37,0,0,59.47,64.32,high,7,yes,49,93,74,62,98.49,none
1289,7,7.61,6.07,7.83,7.13,0,1,39.39,96.55,high,4,no,55,89,85,91,67.48,job
1290,6.17,7.99,6.4,8.42,7.25,0,0,50.23,61.05,medium,4,no,96,45,34,99,93.75,job
1291,7.12,8.35,7.96,7.15,7.64,0,0,97.1,90.85,low,4,no,79,37,51,86,82.41,none
1292,8.83,7.18,8.41,7.42,7.96,1,6,53.8,50.19,medium,6,yes,78,94,60,42,73,job
1293,7.93,7.94,8.96,8.61,8.36,0,0,55.11,71.26,medium,6,yes,74,78,75,75,79.19,higher study
1294,8.01,6.45,7.04,7.24,7.18,2,2,45.71,89.54,low,9,yes,58,83,39,72,97.78,none
1295,3.93,8.8,3.63,7.6,5.99,0,3,87.06,94.69,high,10,yes,83,83,57,73,87.66,higher study
1296,7.9,7.15,3.58,6.06,6.17,0,0,51.48,65.56,medium,6,yes,100,81,78,92,74.4,none
1297,6.6,8.19,3.76,9.27,6.95,1,1,55.13,75.86,high,11,yes,85,56,40,77,100,higher study
1298,7.26,6.06,5.91,6.48,6.43,1,1,60.77,33.21,high,9,yes,64,41,49,98,73.83,job
1299,8.25,6.62,5.85,7.93,7.16,0,0,62.07,49.97,high,1,yes,70,62,91,44,92.55,higher study
1300,6.3,7.46,7.8,8.15,7.43,0,0,60.57,51.68,medium,7,no,55,76,90,38,91.38,higher study
1301,6.83,8.63,8.81,7.75,8.01,0,0,66.76,39.27,medium,0,yes,60,86,75,82,88.92,job
1302,4.92,7.58,6.5,6.43,6.36,0,0,87.57,51.75,low,12,no,35,39,47,84,86.78,job
1303,6.83,8.79,3.98,7.34,6.74,0,5,87.89,54.52,low,13,no,55,57,89,69,64.35,none
1304,7.3,4.57,8.15,4.07,6.02,0,0,86.49,97.91,medium,1,no,86,47,45,49,99.8,none
1305,8.94,7.45,8.26,7.07,7.93,1,1,39.78,77.8,low,10,yes,50,85,48,40,66.44,higher study
1306,4.24,7.47,6.27,7.49,6.37,0,0,86.58,61.55,high,6,yes,89,37,41,77,83.85,none
1307,6.2,6.36,8.58,8.61,7.44,0,0,41.07,99.2,high,3,yes,64,91,91,59,69.97,higher study
1308,5.85,8.41,8.44,5.74,7.11,0,0,41.37,43.28,medium,10,no,76,70,86,69,66.75,none
1309,7.56,5.13,6.1,5.95,6.18,0,1,96.51,64.9,high,9,yes,86,81,42,86,82.38,job
1310,5.55,5.32,6.27,8.33,6.37,0,0,87.9,76.36,medium,9,yes,38,72,79,77,93.45,job
1311,6.54,6.74,6.15,6.25,6.42,0,0,70.02,36.73,medium,8,no,35,99,40,45,75.08,job
1312,5.96,8.7,7,8.67,7.58,0,0,91.62,81.04,medium,10,yes,92,46,77,56,63.09,job
1313,8.91,3.5,7.53,7.42,6.84,0,0,99.29,39.7,high,8,no,37,99,47,63,84.95,higher study
1314,4.15,9.89,7.6,8.23,7.47,0,0,73.92,42.41,medium,13,no,67,93,39,96,90.66,job
1315,6.34,8.73,6.8,6.42,7.07,0,0,74.07,43.71,medium,2,no,100,74,68,36,71.84,job
1316,7.21,8.83,8.73,8.01,8.2,0,4,83.55,95.24,low,12,yes,39,65,94,67,87.62,job
1317,8.21,7.56,3.9,6.71,6.6,0,0,48.56,78.78,high,13,no,91,85,57,82,63.03,job
1318,8.11,9.53,7.1,7.32,8.02,0,5,44.21,76.92,medium,12,no,80,38,35,77,74.46,none
1319,7.27,8.03,6.14,5.12,6.64,2,7,83.89,70.22,low,2,yes,38,100,84,74,78.97,higher study
1320,7.04,8.34,6.9,6.05,7.08,0,5,56.12,52.63,medium,8,no,94,99,64,81,91.28,higher study
1321,7.19,6.39,7.59,6.45,6.9,0,0,42.06,74.6,high,12,yes,89,85,60,41,73.53,none
1322,6.79,7.8,4.1,6.28,6.24,0,4,54.1,60.49,low,9,yes,68,82,64,40,78.15,none
1323,5.92,6.1,7.22,6.72,6.49,0,0,57.04,42.75,low,14,no,46,62,76,70,85.13,higher study
1324,6.62,9.67,6.82,6.3,7.35,0,0,97.67,79.21,medium,11,yes,59,71,85,88,84.96,higher study
1325,9.04,7.49,6.39,8.08,7.75,0,0,79.77,41.69,medium,7,yes,97,41,47,83,80.71,none
1326,7.45,6.46,4.79,6.09,6.2,1,4,68.57,45.78,high,0,yes,44,92,92,54,73.14,job
1327,6.81,6.55,8.46,7.85,7.42,0,0,97.91,87.79,high,5,yes,95,88,53,67,86.8,higher study
1328,6.86,7.1,8.99,6.42,7.34,0,0,93.51,77.23,medium,6,no,80,35,85,82,93.49,none
1329,7.97,7.3,6.99,8.84,7.78,0,0,67.31,75.28,low,13,yes,91,59,73,60,66.15,job
1330,8.91,7.87,4.92,9.67,7.84,0,0,93.68,61.03,high,10,yes,43,96,77,41,73.62,job
1331,7.81,6.22,7.14,8.8,7.49,0,0,60.09,59.56,high,13,yes,49,50,39,67,86.75,none
1332,6.23,7.51,7.85,6.68,7.07,0,1,48.45,79.25,low,7,yes,45,92,90,51,90.23,higher study
1333,6.23,6.55,8.16,7.84,7.2,0,0,48.6,82.58,medium,11,no,83,49,91,84,91.26,higher study
1334,9.57,7.72,7.18,5.79,7.56,2,4,77.38,67.19,high,11,no,48,91,63,45,86.13,job
1335,9.39,9.83,8.71,6.08,8.5,0,0,66.58,97.94,low,1,yes,92,97,85,84,79.13,none
1336,8.85,5.84,7.68,8.8,7.79,5,9,77.15,97.03,high,13,no,95,83,44,96,85.83,job
1337,6.89,7.91,7.35,5.11,6.82,0,0,78.97,60.64,low,0,yes,95,59,80,73,65.4,job
1338,6.28,7.67,9.86,7.57,7.84,0,0,34.51,87.98,high,3,no,83,50,38,55,68.31,job
1339,7.8,3.91,7.94,6.13,6.44,0,0,36.63,69.4,medium,0,yes,87,79,36,41,97.1,none
1340,7.87,8.21,8.86,7.03,7.99,0,0,68.69,67.29,low,1,yes,87,83,48,61,96.89,higher study
1341,7.95,4.08,8.38,3.58,6,0,0,45.81,36.69,high,2,no,61,76,35,83,88.96,job
1342,6.8,4.16,6.12,6.23,5.83,0,0,75.38,71.46,high,3,no,84,81,35,80,73.08,higher study
1343,4.58,7.01,4.05,7.18,5.7,0,0,70,93.34,low,11,no,66,52,87,89,85.95,higher study
1344,6.05,8.3,7,8.01,7.34,0,0,72.25,85.27,low,11,no,34,58,79,65,87.51,none
1345,8.9,9.15,7.41,7.41,8.22,0,0,53.27,85.69,medium,5,no,34,51,74,44,80.6,higher study
1346,6.75,7.3,9.45,7.15,7.66,0,0,75.87,43.72,low,7,yes,88,84,63,54,89.94,higher study
1347,8.03,7.45,6.94,6.36,7.2,0,0,88.58,57.02,high,8,yes,78,51,77,59,61.19,job
1348,8.12,7.94,5.39,6.73,7.04,0,0,99.87,48.63,medium,14,yes,73,91,43,47,70.25,none
1349,9.03,6.06,8.1,6.3,7.37,0,0,89.18,54.17,low,3,yes,94,97,63,47,91.78,none
1350,7.83,7.96,4.27,8.42,7.12,0,5,70.36,71.83,high,0,no,69,90,82,36,97.55,job
1351,4.37,7.86,8.48,5.99,6.68,0,0,45.97,57.45,low,13,no,57,50,68,90,95.04,job
1352,6.94,9.04,8.19,6.41,7.64,0,0,78.66,70.57,high,4,yes,47,92,98,40,88.66,higher study
1353,6.81,6.93,5.81,3.75,5.82,0,0,95.82,62.39,high,4,yes,34,100,50,72,66.62,higher study
1354,7.79,6.26,8.97,7.79,7.7,0,0,47.2,52.21,medium,8,no,80,48,64,90,74.75,none
1355,8.6,6.27,6.82,7.03,7.18,0,0,50.16,39.4,medium,5,no,54,59,85,98,62.01,none
1356,3.63,8.77,8.62,6.68,6.92,0,0,42.99,92.75,low,4,no,72,81,59,58,85.59,higher study
1357,3.63,8.07,5.14,7.92,6.19,0,0,82.36,33.77,medium,9,no,36,47,38,64,77.99,job
1358,8.84,9.88,8.3,9.36,9.09,0,1,60.25,33.12,low,9,no,49,42,47,43,82.92,none
1359,6.32,3.59,4.59,5.21,4.93,1,1,37.21,88.4,medium,4,yes,59,40,84,42,99.17,job
1360,6.46,6.38,7.09,7.37,6.82,0,0,91.62,99.79,medium,7,yes,87,88,48,41,76.09,higher study
1361,5.23,7.07,8.2,7.2,6.92,0,0,70.37,81.72,low,10,yes,46,45,45,52,72.27,none
1362,8.83,7.78,5.47,7.78,7.46,0,1,55.19,34.03,medium,0,yes,94,50,79,63,66.02,none
1363,8.21,8.51,6.31,7.47,7.62,2,2,56.05,48.2,medium,4,no,53,41,97,42,65.74,higher study
1364,8.65,6.13,8.37,6.91,7.52,0,0,52.45,98.11,medium,0,yes,60,75,92,80,80.74,higher study
1365,6.61,6.71,7.6,7.68,7.15,0,0,63.52,87.18,medium,14,yes,35,70,59,79,89.97,job
1366,7.76,9.31,6.88,8.01,7.99,4,4,55.59,70.98,low,6,yes,43,53,62,34,82.58,job
1367,8.1,8.67,7.97,6.08,7.7,0,3,69.72,48.88,high,13,yes,93,34,37,36,94.93,higher study
1368,4.64,6.03,5.54,4.13,5.08,5,5,84.83,33.97,low,14,yes,52,42,83,67,72.63,higher study
1369,8.04,6.6,7.92,4.48,6.76,0,0,78.19,34.41,low,6,no,48,57,58,58,83.8,higher study
1370,7.22,8.88,6.63,7.4,7.53,0,0,52.74,74.01,low,12,yes,80,67,73,63,86.45,none
1371,9.58,7.84,6.09,5.11,7.16,0,0,68.43,34.47,medium,9,yes,57,69,65,34,71.23,higher study
1372,6.05,6.79,7.3,6.17,6.58,0,0,89.29,99.57,medium,7,no,49,37,70,51,75.85,none
1373,4.07,6.2,7.71,6.56,6.14,0,0,37.58,45.29,high,13,no,93,62,43,66,83.64,higher study
1374,7.75,6.08,4.23,7.68,6.44,0,0,38.26,80.62,medium,6,no,82,49,71,42,60.84,none
1375,6.76,6.73,8.63,8.6,7.68,0,0,70.27,43.4,high,10,no,37,41,94,40,95.46,job
1376,5.03,8.64,8.78,8.65,7.78,1,1,75.82,69.19,high,8,yes,99,72,60,63,64.44,job
1377,7.35,7.25,7.59,4.59,6.69,0,0,47.17,38.41,medium,7,no,82,91,40,46,61.9,none
1378,8.87,8.16,8.26,9.54,8.71,0,0,82.93,84.38,high,7,yes,64,45,42,46,68.6,job
1379,7.2,3.81,4.35,6.21,5.39,4,4,76.3,72.19,low,2,no,99,77,92,75,80.09,job
1380,8.52,8.75,7.32,7.26,7.96,0,0,94.86,38.78,low,14,yes,87,37,69,96,73.15,none
1381,6.57,7.22,8.24,7.75,7.44,0,0,44.33,89.86,low,9,no,35,58,63,69,77.61,higher study
1382,8.02,6.57,6.61,6.44,6.91,0,0,83.34,69.65,high,14,no,94,100,52,68,63.37,higher study
1383,9.01,7.55,7.11,8.3,7.99,0,2,38.61,94.75,high,3,yes,48,72,74,79,69.32,none
1384,8.93,8.72,7.9,8.23,8.44,0,0,70.88,94.41,low,3,yes,93,57,88,78,63.91,job
1385,6.31,8.41,6.05,8.71,7.37,0,1,69.98,94.67,medium,0,no,76,39,39,89,69.19,higher study
1386,6.02,6.2,5.84,6.03,6.02,0,1,59.03,38.22,low,5,yes,73,66,55,38,88.13,higher study
1387,7.3,8.08,3.91,6.65,6.48,0,0,89.59,41.11,medium,1,yes,63,81,57,77,83.01,job
1388,6.28,9.13,8.17,8.48,8.02,0,0,33.3,99.18,medium,14,yes,96,100,95,61,73.36,none
1389,9.79,7.72,8.51,8.01,8.51,0,0,67.86,65.67,high,8,yes,57,35,75,75,70.45,none
1390,8.25,5.97,7.2,8.68,7.52,0,0,47.56,48.97,high,13,no,77,71,55,64,99.9,higher study
1391,8.74,8.72,3.61,6.17,6.81,0,1,82.82,84.57,medium,0,yes,47,73,49,40,90.71,none
1392,7.3,6.37,9.92,7.79,7.84,1,1,35.9,50.71,medium,0,no,61,89,46,40,92.88,job
1393,6.78,4.29,7.34,7.71,6.53,1,1,88.72,81.73,medium,10,yes,47,54,70,37,61.05,none
1394,7.3,7.6,8.55,4.13,6.9,0,0,89.15,89.1,high,12,no,89,68,85,65,62.38,none
1395,8.17,8.64,8.33,6.11,7.81,0,5,88.8,85.55,low,9,no,67,100,57,61,88.5,none
1396,4.13,7.23,6.86,7.54,6.44,5,5,43.23,51.37,medium,10,no,45,93,50,89,67.67,none
1397,6.03,7.45,6.97,7.83,7.07,0,0,75.24,59.91,high,5,no,89,56,49,37,77.03,job
1398,7.77,6.21,8.04,6.57,7.15,0,0,33.97,60.69,low,12,yes,94,98,34,41,67.37,none
1399,7.84,6.83,7.69,6.82,7.3,0,0,89.82,65.92,high,0,yes,94,96,34,47,67.08,higher study
1400,7.91,3.79,6.49,7.92,6.53,5,5,81.44,44.22,low,11,no,73,56,63,63,64.36,none
1401,6.73,6.97,6.93,9.49,7.53,0,0,68.59,63.32,high,14,yes,53,75,57,36,83.77,higher study
1402,8.14,9.47,8.7,7.4,8.43,0,0,81.95,67.23,low,2,yes,75,97,79,35,89.57,job
1403,6.27,9.6,8.06,8.57,8.12,0,0,39.33,68.63,medium,9,no,40,99,35,43,62.27,none
1404,6.6,8.84,8.96,7.03,7.86,0,0,68.42,87.94,high,1,yes,64,74,48,49,71.02,higher study
1405,8.63,6.85,8.3,6.8,7.64,0,0,52.52,67.67,low,12,yes,80,53,62,55,86.33,none
1406,8.22,3.77,8.83,8.95,7.44,0,0,98.17,48.47,low,10,yes,84,42,95,68,75.69,none
1407,4.94,9.03,6.65,8.73,7.34,0,0,90.43,77.43,low,8,yes,91,90,46,82,88.19,higher study
1408,4.4,7.38,8.31,4.34,6.11,0,0,82.13,86.42,medium,4,no,55,50,98,35,90.37,job
1409,6.04,8.01,6.06,6.09,6.55,0,0,95.56,54.4,high,5,no,57,51,78,99,61.29,job
1410,5.56,6.49,8.01,4.35,6.1,0,0,56.25,76.24,low,1,yes,67,96,80,52,75.23,job
1411,6.75,7.46,7.41,8.31,7.48,0,0,93.36,42.85,medium,7,no,96,59,49,37,89.17,job
1412,6.64,8.22,7.04,6.33,7.06,0,0,54.8,55.92,medium,5,no,93,46,36,74,75.14,job
1413,6.81,8.6,8.59,6.08,7.52,0,0,82.1,93.92,medium,10,no,52,50,38,89,60.23,job
1414,6.74,7.88,8.56,6.82,7.5,0,0,82.34,94.06,medium,11,no,57,59,59,88,73.45,none
1415,6.19,8.01,6.07,5.9,6.54,0,0,34.24,71.55,medium,7,yes,97,39,48,64,94.91,none
1416,5.55,6.38,7.83,6.81,6.64,2,2,57.2,80.06,medium,7,yes,53,37,88,55,98.08,higher study
1417,7.38,8.84,7.1,8.46,7.94,0,0,34.31,90.22,medium,13,yes,60,40,55,81,82.42,job
1418,8.2,6.4,7.25,9.38,7.81,0,2,99.81,97.22,high,14,no,91,50,70,37,72.25,job
1419,7.82,8.32,8.5,5.5,7.54,0,0,41.2,65.83,high,0,yes,77,83,62,54,78.64,job
1420,4.69,6.79,6.93,8.13,6.64,0,0,69.37,70.63,medium,6,yes,98,39,59,74,69.45,higher study
1421,8.02,8.8,4.64,4.65,6.53,2,4,85.97,60.85,low,1,yes,79,63,44,78,66.73,none
1422,6.24,8.16,8.83,8.94,8.04,0,0,46.49,37.83,low,14,no,87,89,53,41,79.74,none
1423,8.85,9.27,6.54,4,7.16,0,1,65.5,61.33,low,10,yes,72,72,66,42,89.47,job
1424,8.52,8.26,7.99,8.13,8.23,4,4,73.7,85.97,medium,7,no,40,47,63,51,68.9,none
1425,9.31,6.66,5.5,5.53,6.75,0,0,43.74,86.93,low,11,no,87,87,83,64,96.38,none
1426,9.04,7.33,8.02,7.25,7.91,0,0,85.17,92.79,high,1,no,76,55,67,68,66.73,none
1427,8.42,9.03,6.76,8.1,8.08,0,0,53.06,36.46,high,3,no,53,90,38,63,82.34,job
1428,9.59,7.85,5.43,9,7.97,0,0,47.15,68.32,high,1,no,58,74,45,51,91.06,none
1429,8.47,8.31,6.97,8.13,7.97,5,5,70.41,40.21,high,12,yes,76,43,85,74,68.54,none
1430,4.38,6.31,5.8,8.29,6.19,0,0,60.5,46.46,medium,6,no,60,35,84,57,71.86,higher study
1431,8.8,8.89,4.83,8.82,7.84,2,5,94.66,93.32,high,4,no,58,100,54,81,62.06,job
1432,7.63,8.67,8.5,3.89,7.17,5,5,91.97,66.29,low,12,no,69,81,91,47,97.76,none
1433,6.6,6.81,8.29,6.34,7.01,0,0,65.39,83.82,low,10,yes,99,75,97,52,79.48,job
1434,7.85,8.47,6.99,8.11,7.86,0,0,57.08,37.32,high,12,yes,42,44,39,93,62.57,none
1435,8.23,7.55,7.6,8.55,7.98,0,0,54.82,60.93,high,10,yes,86,45,82,55,93.21,job
1436,8.21,7.39,6.19,9.72,7.88,0,0,50.93,78.18,high,8,yes,54,47,70,63,82.77,none
1437,7.56,6.94,6.63,8.86,7.5,0,0,69.49,41.95,low,4,no,83,63,43,48,62.21,none
1438,6.21,5.3,7.46,6.63,6.4,0,0,86.94,54.84,low,10,no,49,93,99,54,78.04,higher study
1439,7.11,7.74,6.26,4.03,6.28,0,0,53.83,37.33,high,7,yes,99,63,89,59,77.38,job
1440,8.76,5.64,8.53,7.51,7.61,3,4,45.74,76.64,low,1,no,59,71,99,45,65.84,none
1441,9.4,8.19,8.15,8.04,8.44,0,0,64.86,98.05,low,2,yes,77,98,78,40,76.81,higher study
1442,7.75,7.23,8.83,6.74,7.64,0,0,37.63,88.41,medium,5,yes,62,80,97,68,71.31,higher study
1443,7.61,7.89,8.08,4.42,7,2,2,79.99,98.3,high,10,yes,79,72,49,35,88,job
1444,6.81,9.42,8.82,7.8,8.21,0,0,67.73,89.66,high,6,no,82,82,43,53,60.22,job
1445,4.41,8.1,7.66,6.77,6.74,0,0,66.26,90.3,medium,13,yes,48,91,54,80,64.26,higher study
1446,7.11,8.13,7.8,5.7,7.18,0,0,53.14,71.68,medium,9,yes,50,50,45,45,96.75,job
1447,8.69,6.16,9.47,7,7.83,0,2,93.61,67.73,low,7,no,42,39,46,86,77.33,job
1448,5.51,8.58,8.93,7.32,7.58,0,0,39.07,60.22,medium,14,no,65,48,43,50,67.05,job
1449,4.32,7.37,7.93,3.83,5.86,0,0,91.28,87.81,high,2,no,99,100,46,51,91.73,none
1450,8,6.79,6.09,7.59,7.12,0,0,58.25,45.21,high,6,no,92,61,67,57,94.06,job
1451,8.36,6.73,8.17,7.35,7.65,5,5,92,36.78,high,7,no,65,77,92,70,68.45,job
1452,7.36,7.45,8.72,7.48,7.75,0,0,81.83,96.51,low,9,no,76,51,82,63,88.54,higher study
1453,4.02,8.66,8.39,3.81,6.22,0,0,39.99,33.26,low,14,yes,92,65,39,85,84.61,higher study
1454,7.89,7.14,7.75,6.9,7.42,0,0,88.71,98.45,high,5,no,63,77,45,56,89.8,higher study
1455,6.75,8.25,3.75,6.48,6.31,0,0,78.71,81.84,high,3,no,44,96,62,70,91.52,job
1456,3.71,6.29,8.01,4.73,5.68,0,0,35.17,55.02,low,12,no,59,91,59,57,86.44,job
1457,8.12,7.43,8.97,6.14,7.66,3,3,41.97,79.76,low,5,yes,35,80,49,83,98.25,higher study
1458,7.28,8.98,4.97,6.59,6.96,0,0,75.59,87.8,medium,8,no,67,50,86,53,94.57,higher study
1459,7.33,9.9,6.27,9.88,8.35,0,0,77.4,49.45,low,2,yes,74,72,52,80,69.16,none
1460,7.95,9.98,8,7.75,8.42,0,0,83.03,84.65,low,14,yes,64,92,80,51,96.54,none
1461,8.81,4.14,6.85,9.01,7.2,0,0,81.26,86.89,high,1,yes,96,40,65,59,74.38,none
1462,6.19,8.31,7.92,8.36,7.7,0,0,77.19,49.71,high,4,yes,88,96,94,76,89.06,job
1463,8.47,6.63,7.82,6.51,7.36,0,0,84.34,35.82,high,6,no,94,90,38,80,93.92,job
1464,6.88,7.5,6.46,6.33,6.79,0,0,71.53,46.68,medium,2,no,69,67,92,76,77.45,higher study
1465,9.97,6.7,5.45,8.25,7.59,0,1,50.48,46.45,low,4,no,73,86,35,65,62.06,none
1466,7.33,7.23,9.28,6.92,7.69,0,0,94.13,37.38,medium,3,no,56,99,35,40,97.99,job
1467,9.54,8.34,3.73,8.85,7.62,0,1,34.23,81.65,low,10,no,59,81,36,65,62.9,none
1468,6.07,3.55,3.93,4.19,4.44,0,0,57.57,58.46,low,6,no,51,93,76,98,73.92,none
1469,4.67,4.06,6.62,8.14,5.87,5,5,81.84,92.26,high,1,yes,67,76,38,91,83.86,job
1470,6.9,8.31,7.86,6.98,7.51,0,0,61.63,49.9,low,11,yes,61,37,83,86,64.7,none
1471,7.51,6.68,6.38,6.87,6.86,0,0,34.67,63.37,medium,10,no,82,85,43,67,93.53,higher study
1472,6.17,8.77,6.8,7.57,7.33,0,4,37.43,75.82,high,12,no,97,65,60,89,68.14,higher study
1473,4.71,7.78,3.53,6.24,5.56,0,0,76.46,91.79,medium,6,no,96,84,57,99,99.44,job
1474,7.47,7.14,8.51,6.35,7.37,0,0,97.65,68.15,medium,11,no,95,43,55,65,96.66,none
1475,8.78,7.51,4.98,6.53,6.95,0,0,69.98,58.03,high,1,no,75,45,36,83,84.18,higher study
1476,6.32,7.82,5.72,8.32,7.04,0,0,66.96,91.09,low,2,no,57,72,49,57,86.4,none
1477,5.6,7.68,9.14,7.54,7.49,0,0,54.33,53.79,medium,4,yes,68,43,63,79,81.34,higher study
1478,8.29,7.46,5.18,6.03,6.74,2,2,50.21,38.33,low,6,yes,88,43,76,36,75.64,higher study
1479,7.23,7.51,6.98,8.02,7.44,0,0,34.42,62.82,high,12,no,82,56,37,43,74.07,none
1480,7.97,6.53,7.46,4.92,6.72,0,1,51.3,85.6,low,5,no,92,46,73,39,95.67,job
1481,4.05,3.64,8.82,7.27,5.94,0,0,63.1,35.07,low,11,no,55,81,49,85,83.06,job
1482,6.78,8.44,6.68,7.53,7.36,2,2,46.27,72.26,high,6,yes,94,77,49,83,92.93,job
1483,6.48,7.63,7.17,6.64,6.98,0,0,38.86,72.83,low,10,yes,63,97,99,91,80.56,none
1484,6.48,6.39,5.96,7.66,6.62,0,5,81.09,95.21,medium,5,yes,93,73,88,85,72.28,none
1485,6.21,8.3,3.66,8.94,6.78,1,1,92.94,52.2,medium,12,yes,39,39,53,46,63.67,none
1486,6.56,9.64,7.82,9.93,8.49,0,0,95.76,51.69,medium,11,yes,44,76,84,92,72.95,job
1487,7.99,8.8,8.27,6.22,7.82,0,4,74.41,62.52,low,0,no,57,65,90,72,95.2,none
1488,8.65,8.84,8.7,6.85,8.26,0,0,36.55,56.92,medium,14,no,84,82,84,86,88.48,job
1489,8.44,7.11,8.75,6.73,7.76,1,1,82.64,82.34,low,4,yes,52,52,51,91,91.43,higher study
1490,8.06,3.76,8.33,6.75,6.72,3,3,40.39,76,low,11,no,83,85,92,53,90.94,job
1491,6.33,6.41,6.68,4.63,6.01,2,5,77.88,83.85,low,0,yes,36,85,61,96,64.8,job
1492,6.87,7.56,6.07,7.14,6.91,0,5,85.22,87.94,low,6,yes,36,67,61,43,66.35,job
1493,6.93,6.34,7.15,8.45,7.22,2,2,81.64,94.84,high,3,yes,64,92,46,59,72.69,none
1494,6.75,8.8,6.42,8.74,7.68,0,0,96.78,61.88,medium,4,no,80,38,39,52,72.04,job
1495,7.55,6.55,8.13,6.61,7.21,0,0,82.46,98.97,medium,0,no,41,99,62,94,62.64,higher study
1496,7.61,6.76,7.98,7.63,7.5,0,0,79.45,47.46,low,7,no,50,74,42,67,66.14,higher study
1497,7.07,7.22,6.13,4.59,6.25,0,1,50.54,80.87,high,14,no,78,67,62,77,94.25,higher study
1498,7.06,4.58,8.51,7.91,7.02,0,2,94.96,68.78,low,3,no,93,87,71,51,83.56,higher study
1499,8.49,7.15,9,7.57,8.05,0,0,45.04,87.73,medium,2,yes,54,53,98,49,73.69,higher study
1500,4.45,8.38,6.75,7.3,6.72,3,3,93.63,64.95,medium,0,yes,54,87,89,59,81.06,higher study
1501,8.37,7.37,7.3,6.58,7.4,0,0,53.96,85.53,high,3,yes,91,99,63,98,70.45,job
1502,6.92,6.51,8,7.46,7.22,0,0,41.73,95.32,low,2,no,88,51,92,99,83.35,none
1503,8.74,6.8,7.29,7.2,7.51,2,2,88.39,82.07,high,7,no,61,77,91,60,62.99,none
1504,8.86,7.53,5.76,8.39,7.64,0,0,33.18,85,low,8,no,79,81,43,37,96.11,higher study
1505,6.98,6.44,7.32,8.29,7.26,0,0,88.75,37.51,high,11,yes,77,68,54,84,69.62,job
1506,7.06,7.83,6.2,3.78,6.22,0,0,50.58,46.74,medium,4,yes,58,72,89,36,92.76,higher study
1507,7.52,7.7,7.2,6.4,7.2,0,0,92.28,98.28,high,8,yes,82,36,59,99,86.4,higher study
1508,8.82,8.14,8.29,6.27,7.88,0,1,79.33,79.45,medium,0,no,79,52,48,49,80.92,higher study
1509,8.63,8.81,8.75,8.72,8.73,0,4,77.64,70.62,medium,6,no,96,51,68,61,97.19,higher study
1510,6.31,8.74,7.24,7.61,7.48,1,1,57.48,57.59,low,10,yes,45,38,48,77,66.27,none
1511,5.52,8.84,7.27,8.57,7.55,0,0,36.99,35.98,high,13,yes,90,88,39,51,64.77,none
1512,7.18,4.07,8.11,3.85,5.8,0,0,88.62,57.74,high,6,yes,97,46,61,35,72.87,job
1513,9.28,4.79,8.83,6.17,7.27,0,5,44.46,66.43,high,5,yes,64,67,96,77,93.21,job
1514,7.66,6.73,6.8,7.58,7.19,0,0,57.95,47.18,high,3,no,37,51,62,53,61.41,higher study
1515,7.51,6.39,7.32,7.62,7.21,0,0,73.23,44.61,low,12,yes,87,76,81,89,69.58,none
1516,6.58,6.91,8.39,8.58,7.62,3,3,65.32,67.07,low,10,no,98,98,96,56,76.99,higher study
1517,8.58,4.13,7.83,6.29,6.71,0,0,46.32,72.26,low,8,no,39,74,91,93,88.52,none
1518,5.56,8.69,6.33,5.55,6.53,0,0,42.43,49.08,medium,13,no,98,71,54,78,71.97,none
1519,8.03,8.92,7.88,6.72,7.89,3,3,41.27,72.36,medium,2,no,55,71,55,80,77.92,job
1520,4.46,8.58,6.56,7.22,6.7,0,0,90.82,93.32,medium,10,no,50,46,60,70,73.47,job
1521,8.51,5.85,7.53,8.6,7.62,0,1,35.12,64.71,low,14,yes,92,55,90,41,63.68,none
1522,4.65,6.33,7.59,8.82,6.85,0,0,98.46,90.45,medium,10,no,62,62,43,38,89.55,job
1523,8.58,8.84,5.54,8.98,7.98,0,0,46.31,95.13,high,0,yes,100,42,55,56,78.46,higher study
1524,8.25,7.27,8.63,5.71,7.46,1,1,40.4,39.2,medium,14,yes,50,50,77,43,92.5,none
1525,7.32,6.03,7.39,8.88,7.41,0,0,71.66,39.43,low,1,no,35,70,61,60,87.79,none
1526,7.83,7.33,6.84,4.09,6.52,0,0,38.37,64.9,low,2,yes,65,97,83,34,62.31,none
1527,6.48,6.14,4.29,3.78,5.17,0,0,73.37,72.41,low,1,yes,55,100,84,41,80,higher study
1528,8.02,7.63,6.69,6.02,7.09,2,2,89.99,61.54,low,5,yes,91,37,34,44,99.63,none
1529,4.26,7.02,9.53,6.14,6.74,2,4,36.22,54.88,high,12,yes,86,73,67,61,72.31,job
1530,6.54,7.42,5.93,6.44,6.58,0,0,86.59,75.95,medium,14,no,80,49,68,67,79.72,higher study
1531,8.08,7.84,8.62,3.63,7.04,0,0,59.44,33.15,medium,13,yes,37,44,94,76,86.08,none
1532,6.69,8.61,4.22,7.05,6.64,0,0,43.69,97.86,low,6,yes,71,59,63,61,68.09,higher study
1533,6.35,7.99,6.51,8.49,7.34,0,0,44.81,48.56,medium,4,no,46,98,73,82,88.1,higher study
1534,6.5,7.3,5.72,8.68,7.05,2,3,94.56,94.45,high,4,no,94,35,98,94,86.39,job
1535,6.01,8.46,7.28,6.56,7.08,3,3,40.42,40.31,low,6,no,97,78,70,70,75,job
1536,8.16,8.72,6.56,7.86,7.82,2,2,91.08,48.96,medium,5,no,66,76,97,36,71.38,job
1537,8.2,6.36,8.32,8.75,7.91,0,0,69.47,48.74,medium,11,no,71,36,34,42,96.76,none
1538,7.54,5.76,7.42,7.39,7.03,1,1,35.63,99.74,medium,7,yes,62,67,48,35,65.08,none
1539,6.48,7.6,7.05,5.02,6.54,3,3,64.13,33.32,medium,8,no,94,98,46,56,77.28,job
1540,6.25,6.85,7.08,6.31,6.62,0,0,87.77,75.86,low,1,yes,65,97,62,84,90.68,job
1541,6.06,6.14,8.56,7.37,7.03,0,2,81.66,91.27,low,11,no,44,40,88,50,65.93,none
1542,6.5,8.01,7.66,5.29,6.86,0,0,65.75,78.05,high,1,yes,51,68,78,58,97.32,job
1543,8.67,4.92,8.15,7.13,7.22,0,0,90.62,57.31,low,14,yes,78,55,37,60,81.05,higher study
1544,6.72,4.39,8.69,4.43,6.06,5,5,41.07,97.21,medium,0,no,54,81,97,53,80.19,higher study
1545,9.71,8.59,8.71,7.73,8.68,0,5,93.97,92.87,medium,6,yes,45,65,48,69,76.97,higher study
1546,7.06,6.49,6.99,7.32,6.96,0,0,89.71,62.08,medium,10,no,53,59,81,61,94.7,none
1547,5.83,8.44,8.86,6.05,7.3,0,0,80.46,71.42,high,14,yes,40,39,89,62,97.94,job
1548,6.32,8.56,6.07,8.98,7.48,0,0,87.8,97.82,low,13,no,35,79,48,75,75.2,higher study
1549,6.67,8.74,7.13,5.2,6.94,1,2,69.44,98.83,low,3,yes,76,88,72,91,81.7,none
1550,7.56,6.8,9.11,7.63,7.78,0,0,78.24,63.14,low,14,yes,54,88,93,65,72.62,job
1551,9.27,8.71,8.69,7.42,8.52,0,0,70.56,89.77,medium,8,no,62,90,77,45,74.72,job
1552,7.82,6.96,5.7,8.86,7.34,0,0,56.82,53.24,medium,5,no,65,96,76,63,61.13,higher study
1553,3.8,4.45,6.82,5.28,5.09,0,1,71.12,57.92,medium,11,no,78,34,37,93,91.44,job
1554,5.83,7.66,6.82,6.47,6.7,0,0,50.26,44.05,high,6,no,92,54,83,44,98.77,job
1555,6.74,4.53,6.91,5.84,6,2,5,62.5,47.02,high,12,no,36,53,72,44,90.78,higher study
1556,6.17,6.15,5.39,6.57,6.07,0,0,51.82,77.01,medium,6,no,72,62,87,83,80.73,higher study
1557,7.17,6.13,7.84,8.42,7.39,0,0,41.24,67.23,high,7,no,84,76,56,34,93.1,job
1558,6.7,8.16,7.31,6.78,7.24,0,0,54.57,48.49,high,3,no,41,78,93,60,94.32,none
1559,5.21,7.33,8.18,8.4,7.28,0,0,90.08,60,high,2,no,79,98,68,65,81.78,none
1560,4.83,6.77,8.68,6.81,6.77,4,4,58.54,58.01,low,2,no,99,36,87,39,97.49,higher study
1561,6.66,6.57,4.91,6.1,6.06,0,0,83.12,99.15,high,9,yes,39,53,91,74,61.21,job
1562,8.88,9.16,8.02,7.55,8.4,0,0,44.75,90.19,medium,7,yes,91,70,95,69,60.4,higher study
1563,7.85,8.01,6.61,6.59,7.26,0,0,61.44,59,low,11,no,74,71,81,72,63.26,none
1564,7.67,6,8.8,8.27,7.68,0,0,40.7,94.23,high,14,no,87,78,40,63,62.31,none
1565,3.58,5.32,6.79,7.92,5.9,0,0,42.3,55.96,medium,12,yes,74,75,78,90,76.98,job
1566,7.25,8.42,6.45,8.77,7.72,0,1,74.37,77.75,high,14,no,81,79,46,44,97.61,higher study
1567,7.29,6.24,6.27,8.35,7.04,0,0,73.71,97.77,medium,2,yes,60,93,86,36,87.01,higher study
1568,7.62,6.57,3.8,6.54,6.13,2,2,47.3,59.15,medium,7,yes,80,46,72,81,86.38,none
1569,8.09,4.63,7.69,9.51,7.48,0,0,64.79,78.56,high,1,yes,56,64,51,39,75.4,higher study
1570,8.11,9.91,4.83,3.66,6.63,0,0,90.84,52.83,high,14,yes,47,95,55,40,81.35,higher study
1571,6.52,9.52,6.34,8.4,7.7,2,2,44.68,50.85,low,4,yes,94,82,69,77,72.17,higher study
1572,7.5,7.16,6.42,7.93,7.25,5,9,34.3,71.47,high,4,no,100,51,86,94,80.71,job
1573,7.24,5.64,6.9,3.98,5.94,0,0,76.69,98.61,medium,6,yes,58,86,36,87,89.87,none
1574,4.69,7.45,6.84,8.01,6.75,0,0,36.59,63.37,low,4,no,98,51,95,84,82.35,higher study
1575,8.61,7.06,7.81,8.5,7.99,0,0,98.66,95.82,medium,8,yes,57,84,62,81,76.75,job
1576,7.89,6.96,8.45,7.72,7.75,0,0,73.85,94.26,medium,2,yes,86,74,41,94,93.8,higher study
1577,7.6,8.89,8.28,7.4,8.04,0,0,64.52,50.01,high,8,yes,83,100,79,73,71.5,higher study
1578,6.35,9.15,6.79,7.91,7.55,0,0,61.82,59.93,medium,0,no,34,98,89,36,79.26,none
1579,7.82,5.86,6.74,9.7,7.53,0,0,71.4,76.1,high,2,yes,72,39,82,63,99.13,job
1580,6.35,7.92,8.9,6.89,7.52,0,0,39.08,67.71,medium,3,yes,77,70,76,57,98.69,higher study
1581,7.01,6.07,6.02,6.55,6.41,0,0,95.31,39.44,low,5,no,38,45,43,100,60.25,none
1582,6.43,7.29,8.64,7.85,7.55,0,0,74.92,99.58,high,9,no,98,35,46,35,81.29,job
1583,8.08,4.34,6.6,6.7,6.43,0,0,45.33,83.43,low,7,yes,48,86,90,77,73.48,higher study
1584,6.62,8.63,8.84,6.24,7.58,0,0,70.7,62.33,high,6,yes,83,58,35,73,71.65,none
1585,9.9,6.9,4.39,6,6.8,0,0,41.94,74.42,low,7,yes,39,61,98,52,83.85,higher study
1586,7.18,6.28,5.48,7.82,6.69,0,0,34.19,38.88,high,5,no,99,78,75,96,77.85,higher study
1587,8.69,8.28,7.03,3.67,6.92,0,0,75.25,66.19,low,5,yes,72,70,91,57,89.31,job
1588,6.61,7.82,7.32,7.09,7.21,0,2,76.45,95.37,low,13,no,62,50,43,83,61.09,none
1589,7.52,4.9,8.12,8.26,7.2,0,0,72.11,93.07,high,5,yes,79,89,96,53,97.08,job
1590,7.26,7.71,7.76,7.13,7.46,0,0,45.3,55.61,high,2,no,64,91,94,90,82.7,higher study
1591,6.05,6.16,6.95,7.46,6.66,0,0,73.43,68.61,medium,13,no,57,37,34,83,87.36,none
1592,9.37,6.42,7.66,7.22,7.67,0,0,36.8,79.73,medium,9,yes,48,88,59,91,84.18,higher study
1593,8.38,7.87,8.19,5.67,7.53,0,0,73.82,55.79,high,14,yes,53,82,38,64,99.57,higher study
1594,6.21,9.92,6.13,5.48,6.94,0,0,70.12,37.36,high,3,no,37,71,68,70,99.45,higher study
1595,7.42,6.62,6.03,7.95,7,0,0,76.91,66.87,low,10,yes,91,78,46,37,84.4,none
1596,7.68,7.51,7.37,7.07,7.41,0,0,93,73.31,low,5,no,94,63,60,91,87.36,higher study
1597,7.89,7.63,6.4,8.89,7.7,0,5,89.98,33.4,medium,12,no,43,70,45,43,84.74,none
1598,8.07,6.85,7.99,8.81,7.93,0,0,98.7,39.41,medium,6,yes,74,89,83,96,72.43,higher study
1599,6.76,8.85,6.64,8.54,7.7,1,1,98.41,46.9,medium,2,no,86,60,92,69,67.7,job
1600,4.52,8.53,7.3,4.94,6.32,0,0,84.75,56.33,low,3,yes,81,65,64,88,76.11,none
1601,6.03,8.17,6.59,8.76,7.39,0,0,97.08,69.26,low,5,no,48,44,70,90,87.31,higher study
1602,8.17,6.23,7.65,7.35,7.35,0,0,91.11,52.69,low,0,yes,40,91,35,76,62.24,job
1603,7.61,6.32,6.35,7.61,6.97,0,0,81.75,51.51,medium,10,yes,76,68,98,98,80.57,none
1604,8.51,7.48,6.07,8.23,7.57,0,0,38.06,91.25,high,14,yes,37,50,36,45,76.34,job
1605,8.46,6.48,6.15,8.09,7.3,0,5,36.3,42.73,medium,6,no,84,63,53,95,81.1,higher study
1606,8.53,8.93,8.86,8.67,8.75,0,0,89.12,66.2,low,12,yes,92,51,35,57,94.41,job
1607,7.46,3.74,5.4,8.15,6.19,0,1,65.81,96.84,medium,14,no,74,63,75,35,61.9,higher study
1608,3.9,4,6.43,8.99,5.83,0,0,87.58,74.88,medium,10,no,94,49,76,80,90.54,higher study
1609,7,6.48,8.13,7.05,7.16,0,0,53.97,81.06,medium,0,yes,63,87,54,89,86.68,none
1610,8.37,7.46,6.2,8.5,7.63,0,0,59.65,61.9,medium,10,no,51,37,78,49,68.15,higher study
1611,5.14,7.09,6.32,8.09,6.66,0,0,79.92,34.35,low,12,yes,63,48,53,67,89.37,higher study
1612,7.35,7.92,7.53,3.71,6.63,0,0,94.33,76.29,medium,11,no,40,60,76,51,79.85,none
1613,6.55,4.53,5.78,8.07,6.23,0,0,38.89,75.34,low,12,no,85,37,83,62,79.24,none
1614,8.56,6.39,7.39,6.98,7.33,0,0,90.72,40.41,medium,11,yes,81,68,76,87,79.32,higher study
1615,8.65,7.29,9.39,8.36,8.42,0,0,86.13,63.97,low,12,yes,56,96,57,84,97.97,higher study
1616,7.4,4.02,3.54,8.7,5.92,0,0,54.15,94.33,high,9,no,70,99,93,47,97.77,none
1617,9.55,5.69,8.85,6.66,7.69,0,0,56.81,46.75,low,10,yes,86,72,65,91,96.54,none
1618,6.23,6.82,5.52,7.88,6.61,0,0,36.12,63.9,low,14,yes,78,61,38,68,95.47,job
1619,7.16,8.66,8.83,7.18,7.96,3,3,34.06,63.9,high,10,no,82,67,35,42,61.5,job
1620,8.41,6.12,8.34,8.97,7.96,0,0,64.96,87.32,high,8,yes,82,66,59,70,76.02,job
1621,8.71,8.74,7.81,7.44,8.18,0,0,39.41,88.25,high,9,no,80,83,58,45,95.8,none
1622,6.61,3.9,7.36,6.68,6.14,0,0,46.01,83.87,high,8,yes,58,93,83,44,90.21,none
1623,6.2,4.64,7.07,4.18,5.52,3,3,89.73,57.49,high,10,yes,60,75,72,60,78.27,none
1624,9.05,8.5,8.84,7.15,8.38,5,5,71.26,37.84,high,8,no,45,61,44,76,90.93,job
1625,8.63,6.89,7.81,7.96,7.82,0,0,75.46,56.42,medium,3,no,56,60,96,83,68.33,higher study
1626,7.17,5.01,7.74,6.23,6.54,0,0,45.57,78.55,medium,1,yes,50,34,51,53,83.99,higher study
1627,7.63,8.37,6.7,7.81,7.63,0,0,88.52,80.09,high,6,yes,77,41,61,46,81.32,higher study
1628,8.9,6.09,5.85,8.79,7.41,0,0,91.16,97.66,low,12,no,57,79,75,80,82.94,none
1629,6.2,8.9,6.14,4.24,6.37,0,0,68.07,63.4,low,3,yes,93,57,93,41,88.87,higher study
1630,7.94,7.58,8.84,9.86,8.56,1,1,94.14,75.38,high,13,yes,86,73,55,97,97.99,higher study
1631,6.22,6.91,6.94,8.55,7.16,0,0,89.61,69.13,medium,4,yes,49,84,73,77,70.56,none
1632,7.13,7.09,7.33,6.2,6.94,0,0,82,43.1,medium,0,yes,58,57,95,45,90.32,none
1633,8.41,6.2,6.34,8.98,7.48,0,2,82.19,63.91,low,10,no,99,55,36,37,85.81,none
1634,7.3,8.97,8.51,8.1,8.22,0,0,40.07,69.51,high,11,yes,83,41,96,73,87.81,none
1635,5.93,6.12,6.08,6.49,6.16,0,0,51.15,96.7,medium,9,no,73,91,53,52,77.16,none
1636,8.99,7.96,8.5,4.9,7.59,0,0,37.49,57.56,high,12,no,39,48,59,87,97.78,job
1637,7.68,7.33,5.47,6.04,6.63,0,0,33.59,98.67,high,5,yes,97,41,74,34,79.19,none
1638,6.96,5.23,6.42,6.51,6.28,0,0,43.62,69.34,low,11,no,61,75,36,46,64.86,higher study
1639,9.43,8.85,8.66,8.51,8.86,0,0,91.99,49.25,high,14,yes,42,72,76,83,87.23,higher study
1640,4.91,6.74,8.19,6.06,6.48,1,1,49.08,45.85,high,6,yes,39,68,50,86,65.15,job
1641,6.66,7.6,6.49,6.7,6.86,0,0,98,42.5,low,2,no,50,74,86,75,72.91,none
1642,5.29,4.46,7.7,8.27,6.43,0,1,73.02,63.35,medium,9,no,73,81,85,58,69.12,higher study
1643,7.05,7.45,6.94,7.76,7.3,0,0,48.9,34.48,high,1,no,78,77,66,77,81.56,higher study
1644,7.12,8.11,6.53,8.35,7.53,0,0,66.31,62.82,low,12,yes,76,68,93,94,73.9,none
1645,6.21,6.2,8.58,8.24,7.31,3,3,47.69,99.22,medium,11,yes,79,60,89,54,66.39,job
1646,7.11,6.58,7.21,6.15,6.76,1,4,98.93,77.9,high,11,yes,96,98,97,84,91.63,none
1647,7.39,6.64,7.2,8.68,7.48,0,0,89.77,83.91,medium,9,no,34,99,41,85,78.74,none
1648,3.67,8.21,6.51,6.68,6.27,0,0,34.77,40.98,low,6,no,92,96,66,96,78.18,none
1649,8.17,6.57,7.15,7.66,7.39,0,0,96.5,64.7,high,0,no,96,62,58,87,95.45,none
1650,7.97,7.72,8.61,7.93,8.06,5,5,81.31,52.18,low,1,no,51,64,40,43,81.55,none
1651,8.13,6.65,7.09,6.51,7.1,0,0,38.53,92.91,low,2,no,98,97,92,92,88.4,job
1652,6.03,8.58,8.85,8.93,8.1,0,0,77.94,45.15,high,3,yes,53,86,66,41,73.12,higher study
1653,6.65,8.83,8.84,7.46,7.94,0,0,76.35,63.74,low,14,yes,89,58,74,84,82.45,none
1654,7.99,7.56,6.43,6.17,7.04,1,1,47.67,72.4,medium,4,no,87,46,66,38,89.06,higher study
1655,7.45,7.06,6.53,8.81,7.46,0,0,83.82,67.45,low,3,no,81,73,62,75,71.86,higher study
1656,4.54,6.7,8.59,9.47,7.32,0,0,38.84,88.63,high,14,no,87,40,72,45,87.54,none
1657,6.02,6.15,3.83,7.76,5.94,0,0,65.8,48.52,high,9,no,49,65,90,57,82.75,higher study
1658,8.41,5.67,7.18,8.1,7.34,2,3,33.67,58.29,medium,2,yes,53,57,97,78,77.37,none
1659,8.32,9.76,6.01,7.58,7.92,0,1,97.91,86.07,high,0,no,80,34,99,86,88.52,none
1660,7.65,6.81,3.7,8.5,6.66,2,2,83.36,68.39,low,14,no,40,80,42,86,72.68,none
1661,6.2,7.96,6.82,6.1,6.77,0,4,43.65,59.95,low,6,no,56,84,62,50,88.58,job
1662,8.3,7.6,7.79,6.81,7.62,0,0,55.9,34.98,high,11,yes,66,69,61,98,82.04,none
1663,3.79,4.92,8.4,7.41,6.13,4,4,43.77,83.48,medium,9,yes,73,60,86,91,69.82,none
1664,7.75,8.83,6.4,6.23,7.3,5,5,84.37,98.14,medium,5,no,38,75,79,70,86.73,higher study
1665,9.83,7.19,6.33,8.12,7.87,0,0,36.96,74.56,high,1,yes,78,46,72,75,95.39,job
1666,5.03,8.08,8.77,4.15,6.51,0,0,89.31,90.39,low,1,no,74,58,91,73,72.4,higher study
1667,8.35,7.47,8.25,7.18,7.81,0,0,96.13,67.64,high,2,no,41,55,87,56,92.49,higher study
1668,5.85,4.6,7.77,6.82,6.26,0,0,78.34,48.53,high,7,no,83,54,39,56,73.45,none
1669,8.26,7.54,8.31,3.68,6.95,0,0,47.28,33.98,medium,7,yes,64,48,78,82,92.84,job
1670,5.15,6.8,7.29,5.33,6.14,0,1,57.13,76.78,low,9,no,37,100,73,40,62.05,job
1671,8.41,3.67,8.28,6.01,6.59,0,1,64.98,66.04,medium,14,no,99,70,56,70,60.29,none
1672,3.69,7.36,7.12,8.16,6.58,0,0,73.51,85.4,medium,9,yes,89,78,75,49,64.53,job
1673,4.39,7.41,6.73,8.5,6.76,0,0,77.8,79.55,low,9,yes,38,59,71,71,94.96,none
1674,4.88,8.12,8.19,7.19,7.1,0,0,70.14,99.19,low,11,no,87,88,49,73,81.35,job
1675,7.55,9.73,7.26,9.83,8.59,0,0,56.54,67.2,low,9,no,34,83,80,62,83.76,job
1676,6.42,8.82,8.94,7.69,7.97,0,0,92.69,61.63,high,10,yes,94,68,54,50,93.69,none
1677,8.01,6.99,3.55,6.68,6.31,0,0,38.46,52.22,low,13,yes,40,74,54,53,62.03,job
1678,7.86,6.13,7.05,4.25,6.32,0,0,64.24,64.95,high,11,yes,63,44,58,58,75.48,job
1679,8.23,7.49,8.77,7.87,8.09,0,0,84.97,91.48,medium,7,no,48,41,94,93,85.72,job
1680,6.51,7.63,8.8,6.04,7.24,0,3,37.09,35.85,low,6,no,37,87,87,71,76.19,higher study
1681,6.58,6.51,6.73,4.63,6.11,0,0,80.26,98.52,high,13,yes,96,34,93,96,61.29,none
1682,9.81,8.28,8.39,3.82,7.58,0,0,87.92,99.55,high,1,yes,71,53,75,72,86.04,higher study
1683,8.67,4.66,7.3,5.51,6.54,0,0,77.28,73.06,high,0,no,80,67,94,97,75.66,job
1684,4.51,8.95,5.07,7.47,6.5,0,2,33.88,55.22,high,5,yes,93,90,65,54,60.77,job
1685,8.25,8.84,8.75,7.93,8.44,0,0,45.08,47.95,medium,10,no,35,46,86,65,66.82,higher study
1686,5.58,6.59,7.35,8.75,7.07,4,4,55.93,51.53,low,7,no,41,87,77,61,68.7,job
1687,5.54,8.63,8.23,7.14,7.39,0,0,48.66,36.37,low,0,no,84,86,44,45,80.42,job
1688,8.72,5.55,7.4,9.18,7.71,1,1,97.5,64.84,low,2,yes,52,85,80,56,67.45,none
1689,8.28,8.11,6.68,8.3,7.84,0,0,76.66,36.85,low,14,no,64,39,93,48,74.45,job
1690,7.79,7.36,5.07,7.79,7,0,0,52.9,81.14,low,0,yes,55,69,69,45,90.03,none
1691,7.96,7.62,9.59,8.78,8.49,0,0,95.29,57.93,low,9,yes,66,58,93,37,92.31,none
1692,8.67,8.55,6.6,7.2,7.76,0,0,82.62,46.37,high,8,yes,70,91,66,68,91.82,higher study
1693,7.74,7.44,7.28,6.96,7.36,2,2,52.08,69.51,low,6,yes,45,88,75,94,87.8,higher study
1694,7.9,7.12,5.97,8.66,7.41,0,0,58.39,98.24,high,13,no,97,36,46,60,81.67,job
1695,6.47,7.48,8.27,6.15,7.09,0,0,46.37,79.58,medium,7,no,58,61,47,66,82.03,higher study
1696,7.42,7.74,7.82,6.41,7.35,0,0,98.06,65.95,high,8,no,87,71,91,46,98.14,none
1697,8.15,6.57,8.07,4.91,6.92,0,0,67.66,85.06,medium,2,yes,62,67,73,70,95.11,higher study
1698,6.81,8.7,6.85,6.25,7.15,0,0,93.04,82.41,low,9,no,46,46,98,77,85.99,none
1699,9.22,9.71,7.44,8.53,8.72,0,0,56.22,92.75,medium,10,no,59,38,38,35,78.74,higher study
1700,6.61,8.02,4.5,6.03,6.29,1,1,90.68,46.72,medium,1,no,55,93,63,71,89.16,job
1701,9.23,7.9,6.13,5.75,7.25,0,0,36.62,90.55,high,5,no,43,50,78,70,62.51,higher study
1702,6.94,6.3,8.45,8.58,7.57,0,0,98.8,53.18,high,4,yes,81,90,91,92,97.78,job
1703,6.72,7.81,8.97,7.35,7.71,0,0,94.11,96.05,medium,3,yes,75,64,72,51,81.9,higher study
1704,6.64,6.36,4.33,6.01,5.83,0,0,57.34,51.84,medium,5,no,92,98,45,81,80.11,none
1705,7.27,5.04,7.22,7.2,6.68,0,4,84.91,95.1,low,14,yes,86,99,67,99,71.63,higher study
1706,8.72,6.24,6.03,6.56,6.89,4,4,83.4,97.57,high,5,yes,73,66,47,82,60.14,higher study
1707,7.52,5.58,6.51,7.87,6.87,0,0,93.39,42.76,medium,11,yes,95,37,71,91,62.45,none
1708,6.56,7.58,7.96,8.04,7.54,0,0,53.59,98.29,high,2,no,39,88,49,68,70.52,none
1709,6.23,7.21,7.84,9.16,7.61,1,1,64.2,38.75,low,13,no,37,57,94,91,81.66,higher study
1710,8.09,4.74,8.36,7.46,7.16,0,0,90.96,47.65,low,1,yes,88,65,92,40,63.34,none
1711,7.15,7.77,6.76,6.12,6.95,0,0,85.17,62.76,medium,8,yes,36,80,100,42,98.88,none
1712,8.47,9.2,5.06,7.97,7.68,0,0,59.37,99.57,low,7,yes,40,49,44,37,76.44,higher study
1713,7.98,6.27,8.29,8.53,7.77,1,1,89.67,65.74,medium,13,yes,45,54,44,65,72.65,job
1714,8.39,3.8,8.06,8.16,7.1,0,0,36.16,69.88,high,3,no,50,100,49,38,81.01,higher study
1715,6.82,7.29,6.97,8.49,7.39,0,0,85.4,79.53,high,5,yes,100,64,71,89,62.6,higher study
1716,9.82,6.52,7.64,6.6,7.64,0,0,46.86,97.88,medium,2,no,69,47,63,89,94.02,job
1717,8.08,8.96,6.44,8.67,8.04,0,0,52.18,85.49,medium,10,yes,50,39,74,77,78.41,higher study
1718,6.79,7.68,7.36,6.97,7.2,0,0,66.05,48.03,medium,7,no,34,62,34,46,67.13,higher study
1719,9.93,8.06,8.64,6.04,8.17,0,2,63.14,53.31,high,2,yes,100,88,71,37,66.47,none
1720,8.82,6.98,7.26,8.53,7.9,0,0,67.88,39.55,high,1,no,82,70,93,85,74.44,higher study
1721,7.91,6.28,8.52,8.83,7.88,2,2,69.5,76.18,low,14,no,84,92,52,48,82.93,job
1722,6.97,8.93,7.77,7.97,7.91,0,0,55.22,45.12,low,6,yes,76,69,92,34,76.68,job
1723,6.81,6.86,6.58,6.69,6.74,0,0,44.75,50.25,high,13,yes,64,92,43,98,83.87,none
1724,6.57,7.27,7.74,6.76,7.08,1,1,84.49,92.5,high,2,no,57,97,50,44,88.22,higher study
1725,8.08,7.95,7.52,4.74,7.07,0,0,59.8,54.9,medium,12,no,70,76,62,94,89.94,higher study
1726,6.66,6.07,9.28,9.66,7.92,3,3,66.9,70.97,high,8,yes,98,75,39,96,76.04,higher study
1727,7.79,8.43,5.56,9.87,7.91,0,0,76.2,59.64,high,14,yes,96,93,99,71,88.68,higher study
1728,9.1,7.61,7.2,5.85,7.44,0,0,93.95,37.97,low,2,yes,89,95,96,78,65.66,job
1729,5.03,6.83,6.36,7.4,6.4,0,0,80.41,57.32,low,14,yes,51,97,64,37,80.52,job
1730,6.79,3.53,7.25,8.69,6.56,0,0,36.06,60.35,medium,7,no,98,91,58,81,62.9,none
1731,7.99,4.26,6.22,6.45,6.23,0,0,89.19,93.01,low,1,no,62,35,54,42,69.76,higher study
1732,8.44,6.18,6.3,8.48,7.35,0,0,99.29,54.74,medium,8,no,37,41,49,80,83.33,job
1733,8.33,6.49,7.25,9.89,7.99,0,0,64.66,58.42,high,0,yes,45,89,37,93,89.62,higher study
1734,8.28,8.69,6.92,6.87,7.69,0,0,97.96,85.46,high,11,yes,89,69,79,85,63.81,job
1735,6.56,8.06,8.78,8.43,7.96,0,0,69.68,83.85,medium,2,yes,81,46,41,66,68.28,job
1736,4.43,6.75,7.13,8.76,6.77,0,0,63.8,86.49,low,10,no,52,72,39,91,99.68,none
1737,6.27,6.2,8.27,5.73,6.62,0,0,55.21,96.9,low,13,yes,59,39,86,81,73.51,higher study
1738,8.1,8.07,7.59,4.94,7.18,0,0,77.06,86.3,high,1,no,71,52,97,38,71.36,none
1739,7.11,7.72,8.11,7.28,7.56,0,0,48.41,60.32,low,12,yes,58,58,84,60,63.41,none
1740,7.3,7.21,6.78,5.83,6.78,0,0,40.04,88.04,medium,13,no,89,36,96,74,87.79,none
1741,4.14,5.24,8.83,7.1,6.33,0,0,34.83,67.09,high,12,no,61,86,39,34,80.33,none
1742,6.09,7.09,7.59,8.41,7.3,0,0,52.6,51.61,low,11,no,94,61,95,84,66.3,none
1743,6.78,5.48,5.84,7.59,6.42,0,0,59.52,53.3,high,14,yes,84,59,66,49,85.32,none
1744,6.1,9.21,8.49,8.05,7.96,1,1,69.99,48.01,high,6,yes,45,80,35,65,81.03,none
1745,8.64,6.65,7.1,7.87,7.56,0,1,52.62,42.72,low,4,yes,41,41,74,80,82.6,higher study
1746,6.73,8.01,6.3,6.46,6.88,0,0,98.93,45.37,medium,14,yes,91,90,49,56,99.79,none
1747,7.67,8.91,8.02,9.64,8.56,5,6,52.55,37.24,low,7,no,56,88,92,48,61.14,higher study
1748,6.12,9.69,6.02,8.53,7.59,0,0,62.55,92.53,low,1,no,70,34,42,59,96.6,higher study
1749,8,9.22,7.43,6.59,7.81,0,4,39.93,95.38,low,7,yes,44,73,43,70,93.68,job
1750,6.97,6.53,5.51,8.8,6.95,0,0,50.47,72.32,low,6,yes,50,56,40,88,76.61,none
1751,8.69,7.79,6.58,6.75,7.45,0,4,36.25,89.31,low,11,yes,89,87,99,35,95.24,higher study
1752,8.66,7.27,7.88,8.2,8,0,0,70.49,45.31,low,10,yes,86,75,53,52,85.94,job
1753,6.98,7.34,8.94,6.85,7.53,0,0,83.32,93.41,medium,4,no,100,83,96,65,95.57,job
1754,8.7,6.76,7.39,6.95,7.45,0,0,46.12,66.93,high,1,yes,35,37,37,88,83.79,none
1755,9.45,4.24,8.45,6.93,7.27,0,5,57.66,37.51,medium,9,no,62,41,61,89,68.65,none
1756,3.76,8.48,7.52,8.24,7,0,0,34.12,42.48,low,10,no,90,69,68,62,83.05,none
1757,9.34,7.46,7.49,7.67,7.99,0,0,89.25,53.71,medium,6,no,67,43,35,69,67.16,none
1758,8.99,7.63,9.18,4.31,7.53,0,0,85.26,35.93,high,9,yes,35,63,74,86,65.63,higher study
1759,8.48,6.91,8.79,8.65,8.21,0,0,37.25,53.73,medium,3,yes,64,49,61,72,86.16,higher study
1760,8.53,6.55,8.67,6.92,7.67,0,0,57.45,37.02,low,3,yes,77,63,34,44,97.9,none
1761,6.75,6.26,4.57,8.08,6.41,0,0,97,48.82,high,7,yes,89,97,60,63,83.54,none
1762,4.39,4.74,8.36,8.26,6.44,1,5,59.27,50.81,low,5,no,87,44,100,86,91.83,higher study
1763,7.73,4.55,9.77,6.45,7.12,0,1,68.26,99.62,low,8,yes,86,67,72,41,66.73,none
1764,6.2,8.14,5.09,9.53,7.24,0,0,56.81,48.79,high,10,no,79,88,73,53,86.17,job
1765,6.28,4.53,5.64,7.2,5.91,0,0,72.94,49.03,high,14,yes,87,37,61,45,89.32,higher study
1766,9,6.59,6.89,7.45,7.48,0,0,98.54,79.02,low,1,no,64,82,57,100,61.66,job
1767,6.98,8.07,7.64,7.07,7.44,0,0,99.83,90.58,medium,4,no,57,77,84,83,63.89,job
1768,8.24,7.17,6.67,6.97,7.26,0,0,84.91,58.94,high,5,no,58,64,89,45,91.26,job
1769,8.42,7.25,9.95,8.06,8.42,0,0,60.09,91.67,medium,7,yes,68,81,59,87,77.6,job
1770,8.57,4.08,7.33,6.65,6.66,1,1,66.13,55.8,medium,3,no,90,59,85,87,76.22,none
1771,8.99,7.41,7.45,8.13,7.99,0,1,56.91,46.21,high,10,no,61,45,39,52,96.81,none
1772,6.72,7.1,8.49,4.41,6.68,1,3,99.03,55.09,medium,6,yes,66,78,92,47,99.68,none
1773,4.53,6.3,8.69,8.81,7.08,0,0,80.42,73.83,high,10,no,86,41,45,85,90.58,none
1774,9.87,6.93,7.24,3.61,6.91,0,5,63.08,57.6,high,6,yes,49,42,96,55,91.7,higher study
1775,6.12,7.99,6.05,4.97,6.28,4,4,33.82,78.09,high,3,yes,59,34,69,37,68.33,none
1776,7.23,8,8.59,5.3,7.28,0,0,67.88,48.88,high,0,no,45,38,42,92,67.69,higher study
1777,6.39,6.86,6.52,7.7,6.87,1,1,98.92,79.97,medium,2,no,64,87,100,67,99.23,job
1778,6.07,7.38,9.1,7.83,7.59,0,0,68.05,56.28,medium,1,yes,60,57,62,97,87.8,higher study
1779,7.08,3.84,7.87,6.21,6.25,0,0,45.23,63.55,high,12,no,69,59,41,51,87.47,none
1780,5.19,6.58,6.07,8.59,6.61,0,0,34.49,70.37,high,12,yes,92,43,76,64,71.45,job
1781,8.35,6.63,7.2,9.33,7.88,0,0,56.77,78.98,high,11,yes,36,94,68,75,95.46,job
1782,5.15,6.07,8.96,6.86,6.76,0,0,94.52,49,high,2,no,65,73,55,36,61.78,none
1783,7.7,8.69,6.3,7.85,7.64,0,0,99.77,89.01,low,4,yes,48,77,99,88,70.98,job
1784,6.94,6.63,4.73,8.94,6.81,0,0,96.34,81.37,medium,10,no,99,45,54,43,67.21,job
1785,7.96,6.68,7.27,7.79,7.42,0,0,81.87,48.69,medium,11,no,96,55,74,55,88.44,job
1786,3.68,3.99,6.92,8.17,5.69,0,0,70.4,98.32,high,0,yes,34,60,74,56,88.61,higher study
1787,6.7,6.84,8.72,7.34,7.4,0,0,72.58,77.54,low,4,no,38,100,82,46,81.39,job
1788,6.04,3.64,8.61,6.18,6.12,0,0,69.12,63.32,low,1,no,39,47,37,73,60.21,job
1789,8.29,9.44,6.71,8.39,8.21,0,1,80.38,43.56,low,13,no,38,58,98,46,94.95,higher study
1790,7.87,6.38,6.24,6.1,6.65,0,0,61.07,68.73,high,3,no,61,85,43,84,98.22,none
1791,8.29,7.92,7.88,8.1,8.05,2,2,77.84,44.05,low,5,no,77,92,100,97,68.09,higher study
1792,6.12,6.23,7.01,6.07,6.36,0,0,41.16,61.78,high,8,no,49,71,43,46,93.69,higher study
1793,8.51,9.78,8.02,8.59,8.72,0,0,50.81,60.39,low,9,yes,55,53,50,62,98.93,none
1794,7.86,4,6.1,6.47,6.11,0,0,89.01,81.24,high,5,no,56,53,100,80,73.08,none
1795,7.69,6.4,6.4,5.43,6.48,2,2,93.55,45.9,high,9,yes,76,89,86,59,67.4,higher study
1796,7.87,7.93,8.06,3.87,6.93,0,0,69.12,88.07,medium,12,yes,76,63,68,56,99.1,job
1797,8.59,7.02,4.04,9.98,7.41,0,0,35.13,54.86,high,10,no,59,74,37,89,62.39,none
1798,7.76,9.78,6.64,7.54,7.93,0,0,95.11,62.75,low,11,no,74,96,44,52,71.04,job
1799,7.74,9.45,8.57,4.61,7.59,0,1,80.04,84.75,medium,1,yes,64,62,77,83,89.68,none
1800,8.97,8.12,3.92,3.94,6.24,0,0,60.75,74.91,low,7,yes,50,77,93,68,84.69,job
1801,9.08,7.67,6.18,5.16,7.02,4,7,73.1,53.64,high,4,no,42,90,95,82,87.38,higher study
1802,8.27,6.77,6.65,7.79,7.37,3,3,61.8,58.88,medium,8,yes,88,57,65,79,88.32,higher study
1803,7.33,7.95,9,9.32,8.4,0,0,64.18,53.49,high,14,yes,39,52,79,86,87.45,higher study
1804,8.12,3.52,7.3,7.37,6.58,0,0,92.42,72.85,high,9,no,97,50,56,64,73.69,higher study
1805,7.17,6.35,8.11,7.02,7.16,3,3,43.8,55.29,low,8,yes,37,94,70,55,72.46,none
1806,6.69,7.61,6.55,7.4,7.06,0,0,39.95,81.62,low,3,yes,100,37,91,100,77.14,higher study
1807,7.79,7.31,7.83,6.93,7.46,0,0,33.19,71.85,low,12,no,89,55,76,41,92.31,job
1808,8.78,9.79,8.18,7.31,8.52,0,0,54.04,42.77,medium,0,no,51,39,48,52,97.53,higher study
1809,8.79,6.8,9.16,7.08,7.96,0,0,42.89,53.79,low,10,no,65,63,100,64,78.21,higher study
1810,7.03,7.81,6.94,7.7,7.37,0,0,47.75,47.84,high,13,no,81,44,35,65,63.43,higher study
1811,7.58,8.61,8.49,3.89,7.14,1,1,33.76,59.16,medium,8,yes,62,81,38,88,97.53,higher study
1812,6.63,9.84,3.5,6.71,6.67,0,5,48.23,67.58,low,8,yes,65,79,86,64,63.22,none
1813,8.99,5.07,7.81,8.97,7.71,0,1,55.3,66.96,low,7,yes,58,60,78,100,66.36,none
1814,8.94,9,7.17,7.5,8.15,0,0,35.12,83.56,low,4,yes,96,52,74,84,94.71,none
1815,7.95,7.82,9.96,6.58,8.08,0,0,73.73,45.68,high,4,yes,42,92,96,60,82.06,job
1816,9.21,7.21,7.67,7.43,7.88,0,0,71.11,96.41,low,9,no,47,87,65,81,74.11,job
1817,8.41,6.68,7.73,8.6,7.86,0,0,39.51,55.98,high,5,yes,53,50,35,76,97.24,higher study
1818,8.15,6.77,6.5,6.07,6.87,0,3,72.87,53.12,medium,0,yes,43,83,43,84,98.42,job
1819,7.78,4.29,7.21,8.04,6.83,1,1,99.91,78.91,low,8,no,44,73,76,83,73.23,job
1820,6.16,7.44,7.03,7.64,7.07,0,0,96.28,86.97,high,4,yes,72,44,76,94,94.74,job
1821,7.36,5.93,7.2,6.51,6.75,1,1,33.19,58.36,low,6,yes,52,47,100,74,87.14,job
1822,8.02,7.1,8.28,8.45,7.96,0,0,86.29,83.04,low,10,no,52,46,56,84,70.98,none
1823,8.03,8.74,7.45,9.74,8.49,0,3,56.7,92.21,medium,14,no,76,61,93,57,97.66,none
1824,7.12,7.1,8.82,7.11,7.54,0,0,37.27,84.38,medium,7,yes,94,77,39,63,62.52,job
1825,8.83,7.12,6.88,6.88,7.43,0,0,52.84,35.3,high,4,no,98,96,46,85,72.72,job
1826,6.5,7.15,7.25,8.48,7.34,0,0,54.56,88.44,high,2,yes,56,94,54,83,75.85,none
1827,7.5,8.51,8.36,7.92,8.07,0,0,68.06,84.89,high,5,yes,93,50,91,90,87.63,higher study
1828,9.75,7.95,7.64,8.69,8.51,0,0,77.3,77.85,medium,6,no,43,83,61,95,61.54,none
1829,8.07,7.84,7.64,7.89,7.86,0,3,83.19,83.92,high,12,yes,96,59,41,86,95.59,job
1830,8.09,7,6.16,8.22,7.37,0,0,49.48,98.62,medium,13,no,35,40,91,64,86.36,job
1831,9.05,9.65,7.2,8.51,8.6,0,0,54.57,61.89,medium,3,no,69,49,73,63,71,job
1832,7.95,8.45,5.3,6.16,6.96,0,0,53.67,37.51,low,8,yes,90,50,34,43,86.33,none
1833,6.83,3.98,6.81,8.33,6.49,0,0,57.31,63.89,low,13,yes,99,68,98,77,81.48,job
1834,6.47,6.12,9.04,9.53,7.79,0,4,99.98,36.12,high,10,no,53,56,43,39,73.45,none
1835,4.49,8.61,9,7.84,7.48,0,0,85.12,52.72,medium,3,no,75,42,93,60,61.14,higher study
1836,7.91,7.54,6.93,6.21,7.15,0,0,98.32,72.33,medium,10,no,54,51,53,53,82.04,job
1837,7.8,4.36,3.78,9.61,6.39,0,0,79.44,53.75,medium,9,no,99,81,95,53,63.29,job
1838,6.54,7.19,8.65,5.76,7.04,0,0,60.23,78.92,low,1,yes,71,99,46,45,92.41,higher study
1839,3.95,7.49,8.03,7.53,6.75,0,0,59.12,88.07,medium,8,no,57,56,91,82,63.54,none
1840,8.12,8,4.11,6.25,6.62,0,1,65.74,61.18,high,3,yes,59,43,70,85,77.15,job
1841,7.37,6.04,4.24,8.21,6.46,1,6,60.94,93.31,high,3,no,35,71,43,43,77.38,job
1842,8,8.61,9.98,7.64,8.56,0,0,88.5,38.36,low,9,no,79,92,36,38,82.25,job
1843,8.51,7.34,7.02,8.86,7.93,4,4,64.16,89.29,high,0,yes,67,76,67,97,61.58,job
1844,6.51,7.03,7.63,6.55,6.93,0,1,52.81,88.52,medium,13,yes,95,45,67,91,68.15,higher study
1845,3.89,4.39,8.52,7.82,6.15,5,5,84.92,54.58,medium,1,no,74,86,63,41,67.98,none
1846,6.06,6.41,8.65,6.63,6.94,0,0,90.25,53.02,high,11,yes,48,47,70,63,83.96,higher study
1847,8.34,7.32,4.9,7.84,7.1,0,0,61.17,53.45,low,2,yes,88,85,67,50,70.55,none
1848,7.83,7.49,6.48,8.17,7.49,0,0,77.75,87.37,medium,6,yes,36,94,65,100,65.77,higher study
1849,5.57,7.21,7.02,8.17,6.99,0,0,36.95,88.72,medium,11,yes,71,74,91,54,60.73,higher study
1850,8.1,8.04,7.01,8.45,7.9,1,1,68.48,55.1,low,8,no,84,54,57,49,93.62,none
1851,8.51,7.26,6.13,8.56,7.62,0,0,36.02,72.71,medium,11,yes,50,81,42,60,98.86,job
1852,3.6,9.23,9,6.23,7.02,5,5,34.97,42.32,high,4,no,82,89,74,39,88.13,job
1853,4.55,3.52,7.79,9.39,6.31,0,0,74.07,64.41,high,3,no,54,68,57,75,76.51,higher study
1854,3.92,5.6,8.56,7.03,6.28,0,0,53.33,99.92,low,12,no,57,77,58,49,64.88,higher study
1855,5.7,8.88,4.49,8.06,6.78,0,0,82.75,43.65,low,1,no,73,72,69,78,79,higher study
1856,8.41,7.8,7.14,4.08,6.86,5,5,93.04,96.49,high,13,yes,53,48,41,36,78.29,job
1857,8.88,8.42,8.22,7.5,8.26,0,0,42.35,88.23,low,12,no,68,45,92,73,76.8,none
1858,7.61,6.33,7.88,4.23,6.51,0,0,81.55,98.14,high,11,no,81,41,68,53,75.13,job
1859,4.89,7.19,7.13,6.57,6.44,0,3,67.48,45.04,low,13,yes,66,100,71,40,79.87,higher study
1860,7.47,7.01,6.42,7.66,7.14,0,0,40.52,47.31,high,6,yes,89,34,65,92,62.93,job
1861,7.21,7.71,5.19,7.22,6.83,3,3,76.66,34.14,medium,5,yes,74,75,84,44,61.53,job
1862,6.46,8.58,8.13,7.17,7.59,0,3,73.84,81.56,medium,11,no,87,64,61,85,62.56,job
1863,7.72,6.24,3.64,8.43,6.51,0,0,67.55,76.16,high,11,yes,77,63,89,36,68,none
1864,6.83,6.22,3.81,5.63,5.62,0,5,95.07,44.94,medium,6,no,44,76,41,54,71.12,higher study
1865,9.49,8.55,8.56,7.22,8.46,0,0,67.92,86.01,high,7,no,47,59,74,86,66.78,job
1866,4.08,6.64,8.06,6.08,6.22,0,0,99.36,53.05,low,8,no,75,45,56,63,70.08,job
1867,8.76,8.01,6.05,6.17,7.25,0,0,67.12,42.05,medium,9,yes,45,92,87,44,67.43,higher study
1868,7.75,7.63,6.65,8.57,7.65,0,0,40.77,61.32,medium,4,no,50,44,56,58,66.03,job
1869,7.78,3.58,4.75,8.88,6.25,0,0,64.53,39.1,medium,10,no,58,80,65,83,71.72,job
1870,7.06,8.5,6.21,8.07,7.46,0,0,45.22,50.64,high,4,yes,59,56,43,42,75.9,job
1871,4.76,6.38,7.71,7.09,6.48,0,0,73.01,57.89,medium,3,no,80,76,68,78,89.77,job
1872,6.16,6.39,8.27,8.82,7.41,3,3,79.44,90.08,low,10,yes,58,72,96,62,98.22,higher study
1873,6.1,7.67,6.33,7.99,7.02,3,3,64.39,86.1,medium,2,yes,93,88,100,95,96.76,job
1874,5.33,5.85,8.52,4.65,6.09,0,0,39.56,62.67,low,12,yes,93,51,69,48,79.04,none
1875,7.27,8.84,7.67,8.53,8.08,0,0,64.4,81.55,medium,6,yes,60,75,82,52,78.45,job
1876,6.25,7.24,8.07,8.3,7.47,0,0,38.47,71.1,medium,12,yes,76,59,79,48,65.03,none
1877,7.82,5.73,8.91,7.14,7.4,0,0,78.71,55.84,low,12,yes,53,51,60,72,98.87,higher study
1878,8.64,6.98,6.25,7.44,7.33,0,0,85.96,81.64,medium,4,no,96,74,64,68,90.4,job
1879,8.65,7.82,8.7,6.56,7.93,0,0,97.48,78.8,low,6,yes,58,75,67,46,93.9,none
1880,7.98,8.79,6.38,9.96,8.28,0,0,42.98,74.48,low,14,no,60,66,92,49,69.37,none
1881,6.63,8.51,7.18,6.88,7.3,0,3,68.68,74.41,low,1,no,85,76,87,100,76.04,job
1882,5.9,8.99,8.55,8.33,7.94,1,1,71.03,78.76,medium,8,no,43,47,99,88,64.11,job
1883,8.59,6.07,8.72,8.68,8.02,0,0,94.81,58.77,medium,8,no,83,88,63,98,97.63,higher study
1884,8.66,9.27,4.34,8.17,7.61,0,0,75.03,91.23,low,12,yes,63,91,56,68,71.43,higher study
1885,6.59,6.34,7.52,7.4,6.96,0,0,42.76,43.88,medium,8,no,34,43,42,49,83.84,job
1886,8.21,7.83,7.78,3.56,6.84,0,0,62.24,92.22,high,12,yes,87,61,88,34,66.09,higher study
1887,6.86,8.46,4.24,6.26,6.46,0,5,76.87,55.94,low,12,no,37,47,34,83,92.11,higher study
1888,8.41,4.84,3.67,6.17,5.77,0,0,79.92,41.39,low,4,yes,40,59,89,47,67.45,higher study
1889,8.99,4.86,8.12,7.12,7.27,0,0,90.83,73.21,high,13,yes,63,50,72,95,92.38,higher study
1890,9.44,6.86,8.5,7.39,8.05,0,1,45.1,58.2,high,9,no,98,67,51,40,76.07,job
1891,6.09,6.72,6.36,7.83,6.75,0,0,96.75,87.64,low,11,yes,62,47,75,56,83.11,job
1892,8.69,8.36,8.43,4.74,7.56,0,0,36.97,61.87,high,8,yes,58,59,98,96,70.79,none
1893,4.05,6.17,5.74,6.02,5.49,3,3,98.91,77.8,low,0,yes,73,67,66,62,95.31,higher study
1894,7.87,7.11,7.44,3.71,6.53,0,0,90.47,53.66,medium,1,yes,59,57,63,55,90.39,job
1895,8.92,7.52,7.35,8.97,8.19,0,0,77.24,47.04,high,9,no,50,53,38,39,74.17,none
1896,7.4,7.68,7.27,7.09,7.36,0,0,82.25,59.01,low,4,no,64,72,83,62,83.41,higher study
1897,8.54,5.13,7.53,8.54,7.44,0,0,37.88,73.66,low,4,no,94,78,98,35,65.16,none
1898,6.19,8.19,8.84,7.6,7.7,1,1,35.79,77.02,low,5,no,41,67,43,97,66.42,higher study
1899,7.01,9.31,5.23,9.57,7.78,0,2,39.83,71.74,high,13,yes,34,55,93,69,81.35,job
1900,6.2,7.06,7.64,6.39,6.82,0,0,38.86,99.2,medium,7,no,79,66,60,53,85.62,none
1901,8.93,7.84,8.86,8.39,8.5,0,0,69.68,79.31,medium,11,no,53,39,61,88,82.3,job
1902,8.45,7.76,6.54,5.96,7.18,0,0,47.44,95.41,high,0,yes,73,49,78,70,82.38,higher study
1903,8.56,7.64,8.17,8.13,8.12,2,2,90.64,40.91,low,9,yes,35,56,85,85,89.69,higher study
1904,8.81,7.92,8.44,4.97,7.54,0,0,62.87,37.12,low,11,no,94,51,99,55,96.1,higher study
1905,6.26,6.78,3.8,7.58,6.1,0,0,79.6,53.84,low,8,no,63,47,95,48,75.5,none
1906,7.16,6.25,8.04,7.54,7.25,3,3,76.75,42.16,high,3,no,63,83,93,80,81.48,none
1907,9.33,6.36,3.66,4.14,5.87,0,0,54.44,68.24,high,7,yes,78,94,73,85,95.72,none
1908,6.21,6.67,7.82,6.26,6.74,0,0,49.3,67.78,low,11,no,57,69,48,72,78.57,job
1909,6.63,7.5,7.69,4.91,6.68,0,1,55.95,71.53,low,14,yes,89,48,40,35,77.81,none
1910,6.69,8.52,8.58,7.97,7.94,0,0,86.38,82.93,low,12,yes,94,38,72,78,90.66,higher study
1911,7.41,8.1,8.46,3.69,6.92,0,0,72.28,98.08,high,11,no,46,86,84,57,95.09,job
1912,5.72,4.47,5.94,8.73,6.22,0,0,49.99,91.84,high,4,yes,89,81,40,94,89.51,higher study
1913,9.39,8.37,6.37,6.28,7.6,0,0,87.8,40.94,medium,0,yes,48,44,45,98,64,higher study
1914,6.81,7.05,8.55,5.5,6.98,2,2,36.68,55.69,low,13,no,44,35,47,86,78.59,none
1915,6.3,7.21,7.24,6.79,6.88,0,0,79.85,50.15,low,8,yes,45,57,67,54,68.48,none
1916,6.5,7.18,5.2,8.71,6.9,0,0,62.43,44.85,medium,7,yes,36,45,72,100,72.69,none
1917,5.84,9.12,6.76,5.81,6.88,0,0,82,69.5,low,4,yes,57,92,97,34,78.75,higher study
1918,6.44,6.58,8.61,6.85,7.12,1,1,95.14,70.07,medium,13,no,42,100,45,92,68.86,job
1919,8.92,6.18,7.3,5.69,7.02,0,1,83.25,48.23,high,14,yes,79,65,67,80,80.64,none
1920,8.28,7.77,8.43,7.96,8.11,2,4,62.62,80.7,medium,10,yes,93,69,60,51,85.73,none
1921,8.9,8.97,6.79,7.6,8.06,0,0,43.12,82.11,medium,13,yes,44,54,55,66,95,job
1922,7.32,9.27,4.54,7.79,7.23,3,3,87.03,34.42,high,3,no,43,99,51,48,68.46,higher study
1923,6.84,6.5,6.01,7.25,6.65,0,0,63.87,59.52,low,7,no,36,42,79,57,72.42,higher study
1924,8.39,6.14,7.49,6.9,7.23,0,0,38.06,92.64,medium,8,no,52,77,77,69,76.23,job
1925,6.98,8.34,6.3,6.15,6.94,0,0,81.18,67.87,medium,6,no,35,92,51,93,68.98,none
1926,6.9,6.76,8.26,8.23,7.54,0,0,52.56,56.3,low,3,no,50,57,70,67,73.28,job
1927,6.7,8.49,6.83,8.24,7.57,0,3,36.29,50,medium,6,no,35,96,40,84,95.33,none
1928,6.39,8.11,9.87,8.01,8.09,0,0,93.49,49.31,high,5,no,86,74,93,73,65.55,job
1929,6.77,8.84,5.25,4.35,6.3,0,2,65.37,39.69,medium,10,yes,49,35,81,55,77.75,higher study
1930,7.07,5.12,5.39,7.93,6.38,1,4,51.83,87.76,low,11,yes,43,61,84,49,72.44,higher study
1931,8.02,7.23,5.45,6.73,6.86,0,0,81,38.82,low,2,no,76,49,85,75,63.09,higher study
1932,6.19,7.99,7.33,4.31,6.45,0,0,92.36,52.59,medium,9,no,91,92,85,49,63.85,higher study
1933,6.63,7.39,6.26,6.07,6.59,0,0,33.03,36.07,low,2,no,93,34,87,38,91.4,job
1934,8.43,9.21,6.86,9.94,8.61,0,0,79.09,85.36,low,0,yes,57,34,74,39,94.09,job
1935,6.44,7.89,8.34,8.43,7.78,1,1,84.39,35.64,medium,13,yes,49,64,75,75,89.66,none
1936,5.79,7.35,6.45,7.47,6.76,0,0,47.07,53.66,medium,12,yes,42,55,55,63,81.57,job
1937,7.03,6.57,7.94,6.92,7.12,0,0,65.81,71.42,low,4,yes,39,92,72,65,90.91,none
1938,5.09,7.52,8.75,6.31,6.92,0,0,38.99,60.45,medium,7,no,98,61,56,86,66.08,job
1939,8.59,7.59,4.69,6.19,6.76,4,4,83.03,51.92,high,11,yes,57,60,81,52,91.21,job
1940,6.46,8.43,8.04,3.59,6.63,1,1,89.78,51.44,medium,5,yes,43,34,66,84,76.94,job
1941,6.25,8.21,4.57,7.05,6.52,0,0,40.26,86.45,low,7,yes,60,35,74,61,90.01,job
1942,7.45,7.99,8.43,8.41,8.07,0,0,87.7,98.26,high,6,no,36,99,63,80,69.11,higher study
1943,6.91,6.34,6.33,8.76,7.08,0,4,84.7,56.33,low,1,no,71,82,80,34,93.3,job
1944,7.69,3.61,6.75,8.69,6.68,0,0,56.25,35.63,low,7,no,50,52,90,90,82.72,none
1945,8.41,9.46,8.68,8.76,8.83,0,0,79.25,35.46,high,3,yes,81,61,90,55,60.29,higher study
1946,6.41,8.16,8.15,5.13,6.96,0,0,33.01,83.87,medium,10,yes,82,72,95,91,80.77,job
1947,7.74,7.5,7.92,8.72,7.97,0,0,95.43,70.01,low,4,yes,76,52,90,46,72.41,job
1948,7.52,8.68,7.99,7.58,7.94,0,0,69.88,85.5,medium,10,no,40,97,58,72,62.3,none
1949,6.43,8.76,7.24,6.66,7.27,0,0,74.57,79.74,medium,12,no,54,91,73,60,77.89,higher study
1950,7.87,3.64,6.13,4.84,5.62,0,0,77.54,93.8,high,7,yes,58,50,50,72,72.46,higher study
1951,6.82,6.17,8.35,9.01,7.59,0,0,70.62,92.35,low,4,yes,94,74,81,45,68.18,higher study
1952,7.46,8.46,8.04,8.39,8.09,0,3,90.4,85.82,high,4,no,61,38,72,57,73.96,higher study
1953,6.25,6.11,7.42,9.57,7.34,0,0,73.85,64.84,high,5,yes,85,56,48,51,67.18,none
1954,7.38,7.1,8.7,6.64,7.46,0,0,93.82,53.65,low,14,yes,46,43,50,48,71.99,job
1955,9.53,7.63,7.01,9.72,8.47,2,2,72.02,66.98,low,14,yes,67,45,68,93,64.61,job
1956,5.07,6.44,6.88,6.8,6.3,0,5,44.47,66.64,high,6,no,100,43,66,49,63.37,higher study
1957,6.92,8.24,8.62,6.7,7.62,0,0,94.21,73.89,high,8,no,37,93,51,80,96.4,none
1958,8.47,6.03,8.39,7.54,7.61,3,4,78.67,45.48,high,13,no,77,63,63,57,96.11,job
1959,6.17,6.51,7.54,6.97,6.8,0,0,79.85,76.93,low,10,no,48,57,70,78,93.12,higher study
1960,7.26,4.64,6.39,6.46,6.19,4,4,99.03,63.6,low,6,no,41,46,40,52,69.21,higher study
1961,7.38,7.74,6.65,7.36,7.28,0,0,38.05,74.56,high,5,no,38,42,61,74,89.04,none
1962,8.18,4.87,7.97,8.62,7.41,0,0,61.72,49.06,low,14,no,99,51,51,64,83.59,none
1963,4.51,8.14,7.16,4.65,6.12,0,0,49.03,62.11,low,11,no,79,68,80,49,62.05,none
1964,7.72,8.75,8.51,7.71,8.17,0,2,75.24,47.09,low,9,no,98,37,56,56,95.98,higher study
1965,8,8.12,8.85,8.64,8.4,0,0,87.06,91.65,medium,3,yes,99,74,53,56,99.92,none
1966,8.33,5.72,8.42,6.59,7.26,0,0,97.74,65.7,medium,13,yes,59,59,64,74,88.35,higher study
1967,8.59,3.76,7.13,9.75,7.31,1,1,63.46,48.08,high,10,yes,64,77,47,51,69.26,job
1968,6.94,8.02,8.37,5.77,7.28,0,0,85.68,35.77,medium,9,yes,84,75,56,69,82.18,higher study
1969,7.61,5.56,7.05,6.5,6.68,0,0,94.44,78.28,high,11,no,74,43,35,45,64.38,higher study
1970,8.52,4.03,6.5,7.73,6.7,0,0,78.79,47.39,high,1,yes,84,34,62,84,71.95,job
1971,8.97,7.18,6.1,7.39,7.41,0,0,49.27,99.3,low,10,yes,52,87,83,65,88.69,none
1972,5.38,6,9.31,7.98,7.17,0,0,73.73,68.76,high,12,yes,36,49,92,69,72.04,none
1973,8.67,4.49,9.94,8.38,7.87,0,0,97.99,52.37,high,10,no,71,79,66,73,65.89,higher study
1974,7.11,4.29,7.16,3.92,5.62,0,1,99.17,77.07,high,14,yes,78,46,81,71,60.3,higher study
1975,6.59,6.36,8.71,8.25,7.48,0,0,76.04,51.45,high,8,yes,74,97,77,87,82.9,job
1976,4.83,9.91,6.72,8.83,7.57,0,1,92.43,87.96,low,9,yes,58,88,45,37,98.75,none
1977,7.47,7.6,6.62,7.19,7.22,0,0,46.43,53.66,low,10,no,83,96,75,79,79.37,job
1978,8.22,8.03,3.53,6.62,6.6,0,0,49.49,99.21,high,4,yes,34,51,68,96,68.5,higher study
1979,5.19,7.25,9.32,7.65,7.35,0,0,96.84,73.55,medium,4,no,87,94,74,83,78.53,higher study
1980,4.57,8.19,8.91,6.33,7,0,0,42.07,89.58,medium,10,no,46,53,88,63,84.08,job
1981,7.48,7.57,6.08,6.87,7,0,1,45.81,37.89,high,11,yes,73,98,46,49,92.05,job
1982,5.33,6.22,8.36,3.52,5.86,0,0,61.18,56.34,low,2,no,54,97,72,85,78.11,none
1983,7.45,9.1,6.96,6.62,7.53,0,0,72.51,82.41,high,12,no,74,97,99,37,66.92,job
1984,8.51,6.58,5.82,7.19,7.02,0,0,73.46,76.89,high,2,yes,94,46,68,59,67.52,none
1985,7.08,8.52,5.01,9.9,7.63,0,0,52.57,46.02,low,0,no,66,90,66,62,95.99,none
1986,8.58,8.17,6.11,6.33,7.3,0,1,94.68,56.87,medium,11,yes,62,78,69,44,69.45,job
1987,7.22,8.68,8.75,6.1,7.69,0,0,94.31,50.66,high,10,yes,88,71,46,57,89.12,job
1988,6.98,4.5,6.42,7.97,6.47,1,1,59.27,74.1,low,4,yes,65,87,89,84,70.76,none
1989,7.36,6.35,7.66,7.83,7.3,0,0,62.1,56.09,low,2,no,44,69,79,75,88.82,job
1990,8.29,3.88,4.01,8.13,6.08,0,3,80.07,53.71,high,14,yes,85,100,79,72,63.13,none
1991,6.38,8.97,6.82,7.98,7.54,0,0,77.42,46.9,low,10,yes,69,44,77,40,68.3,none
1992,6.59,6.63,6.2,6.34,6.44,1,1,58.62,60.41,high,1,yes,64,60,79,51,76.35,higher study
1993,8.85,6.04,6.15,6.87,6.98,0,0,60.76,46.11,medium,10,no,47,50,64,36,80.61,none
1994,6.53,8.99,5.8,6.39,6.93,0,0,56.33,97.49,high,8,yes,96,66,57,96,74.12,higher study
1995,7.7,6.84,6.35,3.68,6.14,0,2,48.78,43.36,medium,12,no,85,38,65,53,82.94,job
1996,7.74,8,5.79,8.53,7.52,0,1,63.7,94.19,low,13,no,87,95,100,50,73.01,none
1997,9.16,6.53,5.97,4.06,6.43,0,0,78.99,61.71,high,9,yes,83,98,49,92,87.14,none
1998,7.47,7.74,5.69,8.24,7.28,0,0,82.71,58.32,low,5,no,87,100,90,87,80.45,job
1999,7.93,8.71,6.21,6.6,7.36,0,0,85.19,48.51,high,2,yes,68,77,57,46,88.2,job
2000,6.69,6.96,8.28,7.02,7.24,1,1,58.11,75.6,low,6,no,63,47,67,75,77.24,job
